x-axis,1
second,Volt
-9.6937000625e-005,-0.00101507
-9.6837000625e-005,-1.00732e-005
-9.6737000625e-005,-0.0005126
-9.6637000625e-005,-1.00732e-005
-9.6537000625e-005,-1.00732e-005
-9.6437000625e-005,-0.00151759
-9.6337000625e-005,-1.00732e-005
-9.6237000625e-005,-1.00732e-005
-9.6137000625e-005,-0.0005126
-9.6037000625e-005,-0.0005126
-9.5937000625e-005,-0.00151759
-9.5837000625e-005,-1.00732e-005
-9.5737000625e-005,0.00099498
-9.5637000625e-005,-1.00732e-005
-9.5537000625e-005,0.000492454
-9.5437000625e-005,-0.00101507
-9.5337000625e-005,-0.00151759
-9.5237000625e-005,0.00099498
-9.5137000625e-005,-1.00732e-005
-9.5037000625e-005,0.00099498
-9.4937000625e-005,0.000492454
-9.4837000625e-005,-0.0005126
-9.4737000625e-005,0.00099498
-9.4637000625e-005,-0.00101507
-9.4537000625e-005,-1.00732e-005
-9.4437000625e-005,-0.00101507
-9.4337000625e-005,-1.00732e-005
-9.4237000625e-005,0.00099498
-9.4137000625e-005,-0.0005126
-9.4037000625e-005,0.00099498
-9.3937000625e-005,-0.00151759
-9.3837000625e-005,-1.00732e-005
-9.3737000625e-005,-0.0005126
-9.3637000625e-005,-0.00101507
-9.3537000625e-005,-1.00732e-005
-9.3437000625e-005,-1.00732e-005
-9.3337000625e-005,-1.00732e-005
-9.3237000625e-005,-0.0005126
-9.3137000625e-005,-0.00101507
-9.3037000625e-005,-0.0005126
-9.2937000625e-005,0.000492454
-9.2837000625e-005,-0.00101507
-9.2737000625e-005,-0.0005126
-9.2637000625e-005,-1.00732e-005
-9.2537000625e-005,0.00149745
-9.2437000625e-005,-0.0005126
-9.2337000625e-005,-0.0005126
-9.2237000625e-005,0.000492454
-9.2137000625e-005,-0.00101507
-9.2037000625e-005,0.00099498
-9.1937000625e-005,0.000492454
-9.1837000625e-005,-1.00732e-005
-9.1737000625e-005,0.000492454
-9.1637000625e-005,-0.0005126
-9.1537000625e-005,-1.00732e-005
-9.1437000625e-005,-1.00732e-005
-9.1337000625e-005,-0.0005126
-9.1237000625e-005,0.000492454
-9.1137000625e-005,-0.00101507
-9.1037000625e-005,-0.0005126
-9.0937000625e-005,-1.00732e-005
-9.0837000625e-005,0.000492454
-9.0737000625e-005,0.00099498
-9.0637000625e-005,-0.00101507
-9.0537000625e-005,-1.00732e-005
-9.0437000625e-005,0.000492454
-9.0337000625e-005,-1.00732e-005
-9.0237000625e-005,0.000492454
-9.0137000625e-005,-0.0005126
-9.0037000625e-005,0.000492454
-8.9937000625e-005,-1.00732e-005
-8.9837000625e-005,-0.0005126
-8.9737000625e-005,-0.00101507
-8.9637000625e-005,-0.00151759
-8.9537000625e-005,-0.0005126
-8.9437000625e-005,-0.0005126
-8.9337000625e-005,-1.00732e-005
-8.9237000625e-005,0.000492454
-8.9137000625e-005,-0.0005126
-8.9037000625e-005,-0.0005126
-8.8937000625e-005,-1.00732e-005
-8.8837000625e-005,-0.0005126
-8.8737000625e-005,0.00099498
-8.8637000625e-005,0.00149745
-8.8537000625e-005,0.000492454
-8.8437000625e-005,0.00149745
-8.8337000625e-005,0.000492454
-8.8237000625e-005,0.000492454
-8.8137000625e-005,-0.00101507
-8.8037000625e-005,-1.00732e-005
-8.7937000625e-005,0.000492454
-8.7837000625e-005,-0.0005126
-8.7737000625e-005,0.000492454
-8.7637000625e-005,-0.00202012
-8.7537000625e-005,0.000492454
-8.7437000625e-005,-1.00732e-005
-8.7337000625e-005,-0.0005126
-8.7237000625e-005,0.000492454
-8.7137000625e-005,-1.00732e-005
-8.7037000625e-005,-1.00732e-005
-8.6937000625e-005,0.000492454
-8.6837000625e-005,0.000492454
-8.6737000625e-005,0.000492454
-8.6637000625e-005,-0.00101507
-8.6537000625e-005,-0.0005126
-8.6437000625e-005,-1.00732e-005
-8.6337000625e-005,-0.00101507
-8.6237000625e-005,0.00099498
-8.6137000625e-005,-0.00101507
-8.6037000625e-005,0.000492454
-8.5937000625e-005,0.000492454
-8.5837000625e-005,-0.0005126
-8.5737000625e-005,0.000492454
-8.5637000625e-005,0.000492454
-8.5537000625e-005,-0.0005126
-8.5437000625e-005,-1.00732e-005
-8.5337000625e-005,-0.00101507
-8.5237000625e-005,0.000492454
-8.5137000625e-005,-0.00151759
-8.5037000625e-005,0.000492454
-8.4937000625e-005,0.000492454
-8.4837000625e-005,-1.00732e-005
-8.4737000625e-005,-1.00732e-005
-8.4637000625e-005,0.000492454
-8.4537000625e-005,-0.0005126
-8.4437000625e-005,0.000492454
-8.4337000625e-005,-0.00151759
-8.4237000625e-005,0.00149745
-8.4137000625e-005,0.000492454
-8.4037000625e-005,-0.0005126
-8.3937000625e-005,0.000492454
-8.3837000625e-005,-1.00732e-005
-8.3737000625e-005,-0.0005126
-8.3637000625e-005,-1.00732e-005
-8.3537000625e-005,-0.00101507
-8.3437000625e-005,0.000492454
-8.3337000625e-005,-0.00101507
-8.3237000625e-005,0.00099498
-8.3137000625e-005,-0.00101507
-8.3037000625e-005,-1.00732e-005
-8.2937000625e-005,0.000492454
-8.2837000625e-005,-0.0005126
-8.2737000625e-005,-1.00732e-005
-8.2637000625e-005,-0.00151759
-8.2537000625e-005,-1.00732e-005
-8.2437000625e-005,0.000492454
-8.2337000625e-005,-0.00101507
-8.2237000625e-005,-1.00732e-005
-8.2137000625e-005,-1.00732e-005
-8.2037000625e-005,-0.0005126
-8.1937000625e-005,0.00099498
-8.1837000625e-005,-0.00101507
-8.1737000625e-005,0.00099498
-8.1637000625e-005,-1.00732e-005
-8.1537000625e-005,-0.00101507
-8.1437000625e-005,-0.0005126
-8.1337000625e-005,-0.00151759
-8.1237000625e-005,0.00149745
-8.1137000625e-005,-1.00732e-005
-8.1037000625e-005,-0.0005126
-8.0937000625e-005,0.00099498
-8.0837000625e-005,-0.0005126
-8.0737000625e-005,0.00099498
-8.0637000625e-005,-0.0005126
-8.0537000625e-005,-1.00732e-005
-8.0437000625e-005,-1.00732e-005
-8.0337000625e-005,-0.0005126
-8.0237000625e-005,0.00099498
-8.0137000625e-005,0.000492454
-8.0037000625e-005,-0.0005126
-7.9937000625e-005,-1.00732e-005
-7.9837000625e-005,-0.0005126
-7.9737000625e-005,0.000492454
-7.9637000625e-005,-1.00732e-005
-7.9537000625e-005,0.000492454
-7.9437000625e-005,-1.00732e-005
-7.9337000625e-005,-0.00252265
-7.9237000625e-005,-1.00732e-005
-7.9137000625e-005,-0.00101507
-7.9037000625e-005,-0.0005126
-7.8937000625e-005,-0.0005126
-7.8837000625e-005,-0.0005126
-7.8737000625e-005,-1.00732e-005
-7.8637000625e-005,-0.00101507
-7.8537000625e-005,-0.0005126
-7.8437000625e-005,-1.00732e-005
-7.8337000625e-005,-0.00101507
-7.8237000625e-005,0.00099498
-7.8137000625e-005,-0.0005126
-7.8037000625e-005,-0.00101507
-7.7937000625e-005,0.000492454
-7.7837000625e-005,-0.0005126
-7.7737000625e-005,-1.00732e-005
-7.7637000625e-005,-1.00732e-005
-7.7537000625e-005,-0.0005126
-7.7437000625e-005,0.000492454
-7.7337000625e-005,-0.0005126
-7.7237000625e-005,0.000492454
-7.7137000625e-005,-0.0005126
-7.7037000625e-005,-0.0005126
-7.6937000625e-005,-1.00732e-005
-7.6837000625e-005,-1.00732e-005
-7.6737000625e-005,-0.00151759
-7.6637000625e-005,0.00099498
-7.6537000625e-005,-0.0005126
-7.6437000625e-005,0.00149745
-7.6337000625e-005,-0.00101507
-7.6237000625e-005,-0.0005126
-7.6137000625e-005,0.000492454
-7.6037000625e-005,-0.0005126
-7.5937000625e-005,0.000492454
-7.5837000625e-005,-0.00151759
-7.5737000625e-005,-1.00732e-005
-7.5637000625e-005,-1.00732e-005
-7.5537000625e-005,-0.00151759
-7.5437000625e-005,-1.00732e-005
-7.5337000625e-005,0.000492454
-7.5237000625e-005,-0.0005126
-7.5137000625e-005,-1.00732e-005
-7.5037000625e-005,-1.00732e-005
-7.4937000625e-005,-1.00732e-005
-7.4837000625e-005,-0.00101507
-7.4737000625e-005,0.000492454
-7.4637000625e-005,-0.0005126
-7.4537000625e-005,-0.00151759
-7.4437000625e-005,-0.0005126
-7.4337000625e-005,-0.0005126
-7.4237000625e-005,-0.0005126
-7.4137000625e-005,-0.0005126
-7.4037000625e-005,-0.0005126
-7.3937000625e-005,0.000492454
-7.3837000625e-005,-0.00101507
-7.3737000625e-005,-0.0005126
-7.3637000625e-005,-1.00732e-005
-7.3537000625e-005,-0.0005126
-7.3437000625e-005,0.00099498
-7.3337000625e-005,0.00099498
-7.3237000625e-005,-1.00732e-005
-7.3137000625e-005,-1.00732e-005
-7.3037000625e-005,-0.0005126
-7.2937000625e-005,0.000492454
-7.2837000625e-005,-0.0005126
-7.2737000625e-005,-0.00101507
-7.2637000625e-005,0.000492454
-7.2537000625e-005,-0.00101507
-7.2437000625e-005,0.000492454
-7.2337000625e-005,-0.00101507
-7.2237000625e-005,-0.00151759
-7.2137000625e-005,0.000492454
-7.2037000625e-005,-0.0005126
-7.1937000625e-005,-1.00732e-005
-7.1837000625e-005,-1.00732e-005
-7.1737000625e-005,-0.00101507
-7.1637000625e-005,-0.0005126
-7.1537000625e-005,-1.00732e-005
-7.1437000625e-005,-1.00732e-005
-7.1337000625e-005,-0.0005126
-7.1237000625e-005,-0.00101507
-7.1137000625e-005,-1.00732e-005
-7.1037000625e-005,-0.0005126
-7.0937000625e-005,0.00099498
-7.0837000625e-005,-0.00101507
-7.0737000625e-005,-0.0005126
-7.0637000625e-005,0.000492454
-7.0537000625e-005,-0.0005126
-7.0437000625e-005,0.000492454
-7.0337000625e-005,-0.0005126
-7.0237000625e-005,-0.0005126
-7.0137000625e-005,0.000492454
-7.0037000625e-005,-1.00732e-005
-6.9937000625e-005,-0.0005126
-6.9837000625e-005,-0.00101507
-6.9737000625e-005,-0.0005126
-6.9637000625e-005,0.00099498
-6.9537000625e-005,-0.00151759
-6.9437000625e-005,-1.00732e-005
-6.9337000625e-005,-0.00101507
-6.9237000625e-005,-0.00151759
-6.9137000625e-005,-1.00732e-005
-6.9037000625e-005,-0.00101507
-6.8937000625e-005,-0.0005126
-6.8837000625e-005,-0.0005126
-6.8737000625e-005,-0.00101507
-6.8637000625e-005,-1.00732e-005
-6.8537000625e-005,-1.00732e-005
-6.8437000625e-005,-0.0005126
-6.8337000625e-005,-1.00732e-005
-6.8237000625e-005,-0.00151759
-6.8137000625e-005,-0.00101507
-6.8037000625e-005,-0.0005126
-6.7937000625e-005,0.000492454
-6.7837000625e-005,-1.00732e-005
-6.7737000625e-005,-0.00202012
-6.7637000625e-005,-0.0005126
-6.7537000625e-005,-0.00101507
-6.7437000625e-005,-0.00151759
-6.7337000625e-005,-0.0005126
-6.7237000625e-005,-0.00151759
-6.7137000625e-005,0.000492454
-6.7037000625e-005,-0.0005126
-6.6937000625e-005,-0.00101507
-6.6837000625e-005,-0.00151759
-6.6737000625e-005,-0.00101507
-6.6637000625e-005,-0.0005126
-6.6537000625e-005,-0.00202012
-6.6437000625e-005,-0.0005126
-6.6337000625e-005,-1.00732e-005
-6.6237000625e-005,-0.00202012
-6.6137000625e-005,-0.0005126
-6.6037000625e-005,-0.00101507
-6.5937000625e-005,-0.00101507
-6.5837000625e-005,-1.00732e-005
-6.5737000625e-005,-0.00101507
-6.5637000625e-005,-0.0005126
-6.5537000625e-005,-0.00151759
-6.5437000625e-005,-0.00101507
-6.5337000625e-005,-0.00151759
-6.5237000625e-005,-0.00151759
-6.5137000625e-005,-1.00732e-005
-6.5037000625e-005,-0.00101507
-6.4937000625e-005,-0.00252265
-6.4837000625e-005,-0.00101507
-6.4737000625e-005,-0.00202012
-6.4637000625e-005,-0.00101507
-6.4537000625e-005,-0.00151759
-6.4437000625e-005,-0.00101507
-6.4337000625e-005,-0.0005126
-6.4237000625e-005,-1.00732e-005
-6.4137000625e-005,0.00149745
-6.4037000625e-005,-0.00202012
-6.3937000625e-005,-0.00151759
-6.3837000625e-005,0.000492454
-6.3737000625e-005,-0.00151759
-6.3637000625e-005,0.000492454
-6.3537000625e-005,-0.0005126
-6.3437000625e-005,-0.00151759
-6.3337000625e-005,0.000492454
-6.3237000625e-005,-0.00101507
-6.3137000625e-005,-0.0005126
-6.3037000625e-005,-0.00101507
-6.2937000625e-005,-0.00202012
-6.2837000625e-005,-0.00101507
-6.2737000625e-005,-1.00732e-005
-6.2637000625e-005,0.000492454
-6.2537000625e-005,-0.0005126
-6.2437000625e-005,-0.0005126
-6.2337000625e-005,-1.00732e-005
-6.2237000625e-005,-0.0005126
-6.2137000625e-005,-0.0005126
-6.2037000625e-005,-1.00732e-005
-6.1937000625e-005,-0.00202012
-6.1837000625e-005,-1.00732e-005
-6.1737000625e-005,-0.00151759
-6.1637000625e-005,-0.0005126
-6.1537000625e-005,-0.00202012
-6.1437000625e-005,-0.00151759
-6.1337000625e-005,-0.0005126
-6.1237000625e-005,-1.00732e-005
-6.1137000625e-005,-1.00732e-005
-6.1037000625e-005,-0.0005126
-6.0937000625e-005,-0.00151759
-6.0837000625e-005,-1.00732e-005
-6.0737000625e-005,-0.00202012
-6.0637000625e-005,-0.00101507
-6.0537000625e-005,-0.00101507
-6.0437000625e-005,-0.00101507
-6.0337000625e-005,-0.0005126
-6.0237000625e-005,-0.00151759
-6.0137000625e-005,-0.00101507
-6.0037000625e-005,-1.00732e-005
-5.9937000625e-005,-0.0005126
-5.9837000625e-005,-0.00151759
-5.9737000625e-005,-0.00101507
-5.9637000625e-005,-0.00101507
-5.9537000625e-005,-0.0005126
-5.9437000625e-005,-0.00302517
-5.9337000625e-005,-1.00732e-005
-5.9237000625e-005,-0.0005126
-5.9137000625e-005,-0.00101507
-5.9037000625e-005,-0.00151759
-5.8937000625e-005,-0.00252265
-5.8837000625e-005,-1.00732e-005
-5.8737000625e-005,-0.00151759
-5.8637000625e-005,-1.00732e-005
-5.8537000625e-005,-0.0005126
-5.8437000625e-005,-0.00101507
-5.8337000625e-005,0.000492454
-5.8237000625e-005,-0.00101507
-5.8137000625e-005,-0.00151759
-5.8037000625e-005,-0.0005126
-5.7937000625e-005,-0.0005126
-5.7837000625e-005,-0.00101507
-5.7737000625e-005,-0.00151759
-5.7637000625e-005,-0.00151759
-5.7537000625e-005,-0.00151759
-5.7437000625e-005,-0.00151759
-5.7337000625e-005,-0.0005126
-5.7237000625e-005,-0.00151759
-5.7137000625e-005,-0.00101507
-5.7037000625e-005,-0.00101507
-5.6937000625e-005,-0.0005126
-5.6837000625e-005,-0.00101507
-5.6737000625e-005,-0.00202012
-5.6637000625e-005,-0.0005126
-5.6537000625e-005,-0.00101507
-5.6437000625e-005,-0.00151759
-5.6337000625e-005,-0.0005126
-5.6237000625e-005,-0.00151759
-5.6137000625e-005,-0.0005126
-5.6037000625e-005,-0.00151759
-5.5937000625e-005,-0.00202012
-5.5837000625e-005,-0.00101507
-5.5737000625e-005,-0.0005126
-5.5637000625e-005,-0.00101507
-5.5537000625e-005,-0.0005126
-5.5437000625e-005,-0.00101507
-5.5337000625e-005,-0.0005126
-5.5237000625e-005,-0.00101507
-5.5137000625e-005,-0.00101507
-5.5037000625e-005,-1.00732e-005
-5.4937000625e-005,-0.00151759
-5.4837000625e-005,-0.00151759
-5.4737000625e-005,-0.00101507
-5.4637000625e-005,-0.00202012
-5.4537000625e-005,-0.00101507
-5.4437000625e-005,-0.00101507
-5.4337000625e-005,-0.00101507
-5.4237000625e-005,-0.00101507
-5.4137000625e-005,-0.00202012
-5.4037000625e-005,-0.00151759
-5.3937000625e-005,-0.00101507
-5.3837000625e-005,-0.00302517
-5.3737000625e-005,-0.00202012
-5.3637000625e-005,-0.00101507
-5.3537000625e-005,-0.00101507
-5.3437000625e-005,-0.00252265
-5.3337000625e-005,-0.00151759
-5.3237000625e-005,-0.00151759
-5.3137000625e-005,-0.00202012
-5.3037000625e-005,-0.00101507
-5.2937000625e-005,-0.00202012
-5.2837000625e-005,-0.00202012
-5.2737000625e-005,-0.00101507
-5.2637000625e-005,-0.00252265
-5.2537000625e-005,-0.00151759
-5.2437000625e-005,-0.00202012
-5.2337000625e-005,-0.00151759
-5.2237000625e-005,-0.00202012
-5.2137000625e-005,-0.00151759
-5.2037000625e-005,-0.00151759
-5.1937000625e-005,-0.00151759
-5.1837000625e-005,-0.00101507
-5.1737000625e-005,-0.00101507
-5.1637000625e-005,-0.00252265
-5.1537000625e-005,-0.0005126
-5.1437000625e-005,-0.00151759
-5.1337000625e-005,-0.00252265
-5.1237000625e-005,-0.00202012
-5.1137000625e-005,-0.00252265
-5.1037000625e-005,-0.00101507
-5.0937000625e-005,-0.00252265
-5.0837000625e-005,-0.00202012
-5.0737000625e-005,-0.0005126
-5.0637000625e-005,-0.00151759
-5.0537000625e-005,-0.0005126
-5.0437000625e-005,-0.00202012
-5.0337000625e-005,-0.00252265
-5.0237000625e-005,-0.00252265
-5.0137000625e-005,-0.00202012
-5.0037000625e-005,-0.00403017
-4.9937000625e-005,-0.00352764
-4.9837000625e-005,-0.00352764
-4.9737000625e-005,-0.00453269
-4.9637000625e-005,-0.00352764
-4.9537000625e-005,-0.00403017
-4.9437000625e-005,-0.00403017
-4.9337000625e-005,-0.00403017
-4.9237000625e-005,-0.00403017
-4.9137000625e-005,-0.00503522
-4.9037000625e-005,-0.00403017
-4.8937000625e-005,-0.00403017
-4.8837000625e-005,-0.00453269
-4.8737000625e-005,-0.00352764
-4.8637000625e-005,-0.00302517
-4.8537000625e-005,-0.00352764
-4.8437000625e-005,-0.00352764
-4.8337000625e-005,-0.00352764
-4.8237000625e-005,-0.00403017
-4.8137000625e-005,-0.00302517
-4.8037000625e-005,-0.00302517
-4.7937000625e-005,-0.00352764
-4.7837000625e-005,-0.00352764
-4.7737000625e-005,-0.00302517
-4.7637000625e-005,-0.00403017
-4.7537000625e-005,-0.00352764
-4.7437000625e-005,-0.00453269
-4.7337000625e-005,-0.00352764
-4.7237000625e-005,-0.00403017
-4.7137000625e-005,-0.00403017
-4.7037000625e-005,-0.00453269
-4.6937000625e-005,-0.00403017
-4.6837000625e-005,-0.00453269
-4.6737000625e-005,-0.00503522
-4.6637000625e-005,-0.00403017
-4.6537000625e-005,-0.00352764
-4.6437000625e-005,-0.00453269
-4.6337000625e-005,-0.00503522
-4.6237000625e-005,-0.00403017
-4.6137000625e-005,-0.00352764
-4.6037000625e-005,-0.00352764
-4.5937000625e-005,-0.00403017
-4.5837000625e-005,-0.00453269
-4.5737000625e-005,-0.00453269
-4.5637000625e-005,-0.00302517
-4.5537000625e-005,-0.00403017
-4.5437000625e-005,-0.00352764
-4.5337000625e-005,-0.00453269
-4.5237000625e-005,-0.00453269
-4.5137000625e-005,-0.00453269
-4.5037000625e-005,-0.00403017
-4.4937000625e-005,-0.00352764
-4.4837000625e-005,-0.00403017
-4.4737000625e-005,-0.00403017
-4.4637000625e-005,-0.00352764
-4.4537000625e-005,-0.00403017
-4.4437000625e-005,-0.00453269
-4.4337000625e-005,-0.00302517
-4.4237000625e-005,-0.00352764
-4.4137000625e-005,-0.00352764
-4.4037000625e-005,-0.00403017
-4.3937000625e-005,-0.00302517
-4.3837000625e-005,-0.00403017
-4.3737000625e-005,-0.00403017
-4.3637000625e-005,-0.00453269
-4.3537000625e-005,-0.00403017
-4.3437000625e-005,-0.00403017
-4.3337000625e-005,-0.00453269
-4.3237000625e-005,-0.00352764
-4.3137000625e-005,-0.00403017
-4.3037000625e-005,-0.00403017
-4.2937000625e-005,-0.00352764
-4.2837000625e-005,-0.00352764
-4.2737000625e-005,-0.00403017
-4.2637000625e-005,-0.00352764
-4.2537000625e-005,-0.00453269
-4.2437000625e-005,-0.00352764
-4.2337000625e-005,-0.00403017
-4.2237000625e-005,-0.00453269
-4.2137000625e-005,-0.00503522
-4.2037000625e-005,-0.00403017
-4.1937000625e-005,-0.00302517
-4.1837000625e-005,-0.00403017
-4.1737000625e-005,-0.00403017
-4.1637000625e-005,-0.00403017
-4.1537000625e-005,-0.00453269
-4.1437000625e-005,-0.00403017
-4.1337000625e-005,-0.00403017
-4.1237000625e-005,-0.00352764
-4.1137000625e-005,-0.00352764
-4.1037000625e-005,-0.00403017
-4.0937000625e-005,-0.00403017
-4.0837000625e-005,-0.00403017
-4.0737000625e-005,-0.00453269
-4.0637000625e-005,-0.00503522
-4.0537000625e-005,-0.00453269
-4.0437000625e-005,-0.00453269
-4.0337000625e-005,-0.00503522
-4.0237000625e-005,-0.00453269
-4.0137000625e-005,-0.00403017
-4.0037000625e-005,-0.00352764
-3.9937000625e-005,-0.00403017
-3.9837000625e-005,-0.00352764
-3.9737000625e-005,-0.00352764
-3.9637000625e-005,-0.00403017
-3.9537000625e-005,-0.00403017
-3.9437000625e-005,-0.00453269
-3.9337000625e-005,-0.00403017
-3.9237000625e-005,-0.00403017
-3.9137000625e-005,-0.00453269
-3.9037000625e-005,-0.00403017
-3.8937000625e-005,-0.00453269
-3.8837000625e-005,-0.00403017
-3.8737000625e-005,-0.00453269
-3.8637000625e-005,-0.00403017
-3.8537000625e-005,-0.00503522
-3.8437000625e-005,-0.00453269
-3.8337000625e-005,-0.00453269
-3.8237000625e-005,-0.00453269
-3.8137000625e-005,-0.00352764
-3.8037000625e-005,-0.00352764
-3.7937000625e-005,-0.00352764
-3.7837000625e-005,-0.00503522
-3.7737000625e-005,-0.00503522
-3.7637000625e-005,-0.00453269
-3.7537000625e-005,-0.00453269
-3.7437000625e-005,-0.00453269
-3.7337000625e-005,-0.00403017
-3.7237000625e-005,-0.00352764
-3.7137000625e-005,-0.00503522
-3.7037000625e-005,-0.00352764
-3.6937000625e-005,-0.00403017
-3.6837000625e-005,-0.00453269
-3.6737000625e-005,-0.00453269
-3.6637000625e-005,-0.00453269
-3.6537000625e-005,-0.00453269
-3.6437000625e-005,-0.00403017
-3.6337000625e-005,-0.00453269
-3.6237000625e-005,-0.00453269
-3.6137000625e-005,-0.00453269
-3.6037000625e-005,-0.00302517
-3.5937000625e-005,-0.00403017
-3.5837000625e-005,-0.00403017
-3.5737000625e-005,-0.00352764
-3.5637000625e-005,-0.00503522
-3.5537000625e-005,-0.00453269
-3.5437000625e-005,-0.00302517
-3.5337000625e-005,-0.00302517
-3.5237000625e-005,-0.00453269
-3.5137000625e-005,-0.00352764
-3.5037000625e-005,-0.00403017
-3.4937000625e-005,-0.00352764
-3.4837000625e-005,-0.00403017
-3.4737000625e-005,-0.00403017
-3.4637000625e-005,-0.00352764
-3.4537000625e-005,-0.00352764
-3.4437000625e-005,-0.00352764
-3.4337000625e-005,-0.00352764
-3.4237000625e-005,-0.00302517
-3.4137000625e-005,-0.00302517
-3.4037000625e-005,-0.00403017
-3.3937000625e-005,-0.00403017
-3.3837000625e-005,-0.00403017
-3.3737000625e-005,-0.00352764
-3.3637000625e-005,-0.00403017
-3.3537000625e-005,-0.00403017
-3.3437000625e-005,-0.00352764
-3.3337000625e-005,-0.00352764
-3.3237000625e-005,-0.00302517
-3.3137000625e-005,-0.00403017
-3.3037000625e-005,-0.00453269
-3.2937000625e-005,-0.00352764
-3.2837000625e-005,-0.00403017
-3.2737000625e-005,-0.00403017
-3.2637000625e-005,-0.00403017
-3.2537000625e-005,-0.00403017
-3.2437000625e-005,-0.00403017
-3.2337000625e-005,-0.00302517
-3.2237000625e-005,-0.00352764
-3.2137000625e-005,-0.00352764
-3.2037000625e-005,-0.00302517
-3.1937000625e-005,-0.00352764
-3.1837000625e-005,-0.00302517
-3.1737000625e-005,-0.00352764
-3.1637000625e-005,-0.00352764
-3.1537000625e-005,-0.00403017
-3.1437000625e-005,-0.00403017
-3.1337000625e-005,-0.00352764
-3.1237000625e-005,-0.00302517
-3.1137000625e-005,-0.00352764
-3.1037000625e-005,-0.00352764
-3.0937000625e-005,-0.00453269
-3.0837000625e-005,-0.00352764
-3.0737000625e-005,-0.00403017
-3.0637000625e-005,-0.00403017
-3.0537000625e-005,-0.00352764
-3.0437000625e-005,-0.00352764
-3.0337000625e-005,-0.00453269
-3.0237000625e-005,-0.00403017
-3.0137000625e-005,-0.00403017
-3.0037000625e-005,-0.00403017
-2.9937000625e-005,-0.00252265
-2.9837000625e-005,-0.00453269
-2.9737000625e-005,-0.00352764
-2.9637000625e-005,-0.00403017
-2.9537000625e-005,-0.00352764
-2.9437000625e-005,-0.00252265
-2.9337000625e-005,-0.00352764
-2.9237000625e-005,-0.00302517
-2.9137000625e-005,-0.00302517
-2.9037000625e-005,-0.00302517
-2.8937000625e-005,-0.00352764
-2.8837000625e-005,-0.00352764
-2.8737000625e-005,-0.00302517
-2.8637000625e-005,-0.00352764
-2.8537000625e-005,-0.00302517
-2.8437000625e-005,-0.00302517
-2.8337000625e-005,-0.00302517
-2.8237000625e-005,-0.00403017
-2.8137000625e-005,-0.00302517
-2.8037000625e-005,-0.00252265
-2.7937000625e-005,-0.00252265
-2.7837000625e-005,-0.00352764
-2.7737000625e-005,-0.00352764
-2.7637000625e-005,-0.00302517
-2.7537000625e-005,-0.00302517
-2.7437000625e-005,-0.00352764
-2.7337000625e-005,-0.00352764
-2.7237000625e-005,-0.00352764
-2.7137000625e-005,-0.00302517
-2.7037000625e-005,-0.00252265
-2.6937000625e-005,-0.00352764
-2.6837000625e-005,-0.00352764
-2.6737000625e-005,-0.00352764
-2.6637000625e-005,-0.00352764
-2.6537000625e-005,-0.00302517
-2.6437000625e-005,-0.00352764
-2.6337000625e-005,-0.00403017
-2.6237000625e-005,-0.00352764
-2.6137000625e-005,-0.00403017
-2.6037000625e-005,-0.00453269
-2.5937000625e-005,-0.00403017
-2.5837000625e-005,-0.00302517
-2.5737000625e-005,-0.00403017
-2.5637000625e-005,-0.00352764
-2.5537000625e-005,-0.00403017
-2.5437000625e-005,-0.00403017
-2.5337000625e-005,-0.00352764
-2.5237000625e-005,-0.00302517
-2.5137000625e-005,-0.00302517
-2.5037000625e-005,-0.00252265
-2.4937000625e-005,-0.00352764
-2.4837000625e-005,-0.00403017
-2.4737000625e-005,-0.00453269
-2.4637000625e-005,-0.00302517
-2.4537000625e-005,-0.00352764
-2.4437000625e-005,-0.00352764
-2.4337000625e-005,-0.00252265
-2.4237000625e-005,-0.00302517
-2.4137000625e-005,-0.00453269
-2.4037000625e-005,-0.00352764
-2.3937000625e-005,-0.00252265
-2.3837000625e-005,-0.00302517
-2.3737000625e-005,-0.00302517
-2.3637000625e-005,-0.00352764
-2.3537000625e-005,-0.00352764
-2.3437000625e-005,-0.00453269
-2.3337000625e-005,-0.00453269
-2.3237000625e-005,-0.00302517
-2.3137000625e-005,-0.00403017
-2.3037000625e-005,-0.00403017
-2.2937000625e-005,-0.00352764
-2.2837000625e-005,-0.00403017
-2.2737000625e-005,-0.00403017
-2.2637000625e-005,-0.00352764
-2.2537000625e-005,-0.00352764
-2.2437000625e-005,-0.00403017
-2.2337000625e-005,-0.00403017
-2.2237000625e-005,-0.00252265
-2.2137000625e-005,-0.00302517
-2.2037000625e-005,-0.00352764
-2.1937000625e-005,-0.00302517
-2.1837000625e-005,-0.00352764
-2.1737000625e-005,-0.00352764
-2.1637000625e-005,-0.00302517
-2.1537000625e-005,-0.00403017
-2.1437000625e-005,-0.00252265
-2.1337000625e-005,-0.00302517
-2.1237000625e-005,-0.00252265
-2.1137000625e-005,-0.00302517
-2.1037000625e-005,-0.00453269
-2.0937000625e-005,-0.00453269
-2.0837000625e-005,-0.00403017
-2.0737000625e-005,-0.00352764
-2.0637000625e-005,-0.00352764
-2.0537000625e-005,-0.00352764
-2.0437000625e-005,-0.00302517
-2.0337000625e-005,-0.00453269
-2.0237000625e-005,-0.00403017
-2.0137000625e-005,-0.00252265
-2.0037000625e-005,-0.00453269
-1.9937000625e-005,-0.00453269
-1.9837000625e-005,-0.00453269
-1.9737000625e-005,-0.00302517
-1.9637000625e-005,-0.00403017
-1.9537000625e-005,-0.00302517
-1.9437000625e-005,-0.00403017
-1.9337000625e-005,-0.00403017
-1.9237000625e-005,-0.00403017
-1.9137000625e-005,-0.00403017
-1.9037000625e-005,-0.00453269
-1.8937000625e-005,-0.00352764
-1.8837000625e-005,-0.00403017
-1.8737000625e-005,-0.00352764
-1.8637000625e-005,-0.00352764
-1.8537000625e-005,-0.00403017
-1.8437000625e-005,-0.00403017
-1.8337000625e-005,-0.00352764
-1.8237000625e-005,-0.00403017
-1.8137000625e-005,-0.00352764
-1.8037000625e-005,-0.00302517
-1.7937000625e-005,-0.00352764
-1.7837000625e-005,-0.00302517
-1.7737000625e-005,-0.00453269
-1.7637000625e-005,-0.00252265
-1.7537000625e-005,-0.00252265
-1.7437000625e-005,-0.00352764
-1.7337000625e-005,-0.00453269
-1.7237000625e-005,-0.00403017
-1.7137000625e-005,-0.00453269
-1.7037000625e-005,-0.00302517
-1.6937000625e-005,-0.00352764
-1.6837000625e-005,-0.00453269
-1.6737000625e-005,-0.00302517
-1.6637000625e-005,-0.00352764
-1.6537000625e-005,-0.00352764
-1.6437000625e-005,-0.00403017
-1.6337000625e-005,-0.00352764
-1.6237000625e-005,-0.00352764
-1.6137000625e-005,-0.00403017
-1.6037000625e-005,-0.00352764
-1.5937000625e-005,-0.00403017
-1.5837000625e-005,-0.00453269
-1.5737000625e-005,-0.00352764
-1.5637000625e-005,-0.00352764
-1.5537000625e-005,-0.00403017
-1.5437000625e-005,-0.00403017
-1.5337000625e-005,-0.00352764
-1.5237000625e-005,-0.00302517
-1.5137000625e-005,-0.00553769
-1.5037000625e-005,-0.00302517
-1.4937000625e-005,-0.00352764
-1.4837000625e-005,-0.00352764
-1.4737000625e-005,-0.00302517
-1.4637000625e-005,-0.00453269
-1.4537000625e-005,-0.00352764
-1.4437000625e-005,-0.00352764
-1.4337000625e-005,-0.00403017
-1.4237000625e-005,-0.00302517
-1.4137000625e-005,-0.00403017
-1.4037000625e-005,-0.00352764
-1.3937000625e-005,-0.00302517
-1.3837000625e-005,-0.00503522
-1.3737000625e-005,-0.00403017
-1.3637000625e-005,-0.00403017
-1.3537000625e-005,-0.00403017
-1.3437000625e-005,-0.00403017
-1.3337000625e-005,-0.00403017
-1.3237000625e-005,-0.00403017
-1.3137000625e-005,-0.00352764
-1.3037000625e-005,-0.00302517
-1.2937000625e-005,-0.00252265
-1.2837000625e-005,-0.00352764
-1.2737000625e-005,-0.00403017
-1.2637000625e-005,-0.00352764
-1.2537000625e-005,-0.00403017
-1.2437000625e-005,-0.00403017
-1.2337000625e-005,-0.00453269
-1.2237000625e-005,-0.00352764
-1.2137000625e-005,-0.00252265
-1.2037000625e-005,-0.00403017
-1.1937000625e-005,-0.00403017
-1.1837000625e-005,-0.00352764
-1.1737000625e-005,-0.00302517
-1.1637000625e-005,-0.00302517
-1.1537000625e-005,-0.00403017
-1.1437000625e-005,-0.00352764
-1.1337000625e-005,-0.00453269
-1.1237000625e-005,-0.00352764
-1.1137000625e-005,-0.00453269
-1.1037000625e-005,-0.00352764
-1.0937000625e-005,-0.00302517
-1.0837000625e-005,-0.00403017
-1.0737000625e-005,-0.00352764
-1.0637000625e-005,-0.00352764
-1.0537000625e-005,-0.00352764
-1.0437000625e-005,-0.00403017
-1.0337000625e-005,-0.00302517
-1.0237000625e-005,-0.00302517
-1.0137000625e-005,-0.00403017
-1.0037000625e-005,-0.00302517
-9.937000625e-006,-0.00352764
-9.837000625e-006,-0.00352764
-9.737000625e-006,-0.00252265
-9.637000625e-006,-0.00302517
-9.537000625e-006,-0.00403017
-9.437000625e-006,-0.00453269
-9.337000625e-006,-0.00302517
-9.237000625e-006,-0.00352764
-9.137000625e-006,-0.00403017
-9.037000625e-006,-0.00352764
-8.937000625e-006,-0.00352764
-8.837000625e-006,-0.00352764
-8.737000625e-006,-0.00352764
-8.637000625e-006,-0.00352764
-8.537000625e-006,-0.00453269
-8.437000625e-006,-0.00403017
-8.337000625e-006,-0.00352764
-8.237000625e-006,-0.00352764
-8.137000625e-006,-0.00352764
-8.037000625e-006,-0.00302517
-7.937000625e-006,-0.00352764
-7.837000625e-006,-0.00352764
-7.737000625e-006,-0.00302517
-7.637000625e-006,-0.00302517
-7.537000625e-006,-0.00453269
-7.437000625e-006,-0.00403017
-7.337000625e-006,-0.00302517
-7.237000625e-006,-0.00302517
-7.137000625e-006,-0.00302517
-7.037000625e-006,-0.00352764
-6.937000625e-006,-0.00302517
-6.837000625e-006,-0.00403017
-6.737000625e-006,-0.00453269
-6.637000625e-006,-0.00352764
-6.537000625e-006,-0.00352764
-6.437000625e-006,-0.00352764
-6.337000625e-006,-0.00352764
-6.237000625e-006,-0.00352764
-6.137000625e-006,-0.00403017
-6.037000625e-006,-0.00352764
-5.937000625e-006,-0.00352764
-5.837000625e-006,-0.00352764
-5.737000625e-006,-0.00352764
-5.637000625e-006,-0.00453269
-5.537000625e-006,-0.00352764
-5.437000625e-006,-0.00352764
-5.337000625e-006,-0.00453269
-5.237000625e-006,-0.00403017
-5.137000625e-006,-0.00403017
-5.037000625e-006,-0.00302517
-4.937000625e-006,-0.00403017
-4.837000625e-006,-0.00403017
-4.737000625e-006,-0.00302517
-4.637000625e-006,-0.00352764
-4.537000625e-006,-0.00453269
-4.437000625e-006,-0.00352764
-4.337000625e-006,-0.00352764
-4.237000625e-006,-0.00352764
-4.137000625e-006,-0.00352764
-4.037000625e-006,-0.00403017
-3.937000625e-006,-0.00403017
-3.837000625e-006,-0.00302517
-3.737000625e-006,-0.00352764
-3.637000625e-006,-0.00352764
-3.537000625e-006,-0.00503522
-3.437000625e-006,-0.00403017
-3.337000625e-006,-0.00352764
-3.237000625e-006,-0.00352764
-3.137000625e-006,-0.00453269
-3.037000625e-006,-0.00352764
-2.937000625e-006,-0.00302517
-2.837000625e-006,-0.00403017
-2.737000625e-006,-0.00403017
-2.637000625e-006,-0.00352764
-2.537000625e-006,-0.00453269
-2.437000625e-006,-0.00453269
-2.337000625e-006,-0.00352764
-2.237000625e-006,-0.00453269
-2.137000625e-006,-0.00453269
-2.037000625e-006,-0.00352764
-1.937000625e-006,-0.00403017
-1.837000625e-006,-0.00352764
-1.737000625e-006,-0.00352764
-1.637000625e-006,-0.00403017
-1.537000625e-006,-0.00352764
-1.437000625e-006,-0.00453269
-1.337000625e-006,-0.00352764
-1.237000625e-006,-0.00403017
-1.137000625e-006,-0.00302517
-1.037000625e-006,-0.00403017
-9.37000625e-007,-0.00352764
-8.37000625e-007,-0.00352764
-7.37000625e-007,-0.00403017
-6.37000625e-007,-0.00352764
-5.37000625e-007,-0.00453269
-4.37000625e-007,-0.00403017
-3.37000625e-007,-0.00352764
-2.37000625e-007,-0.00503522
-1.37000625e-007,-0.00453269
-3.7000625e-008,-0.00151759
6.2999375e-008,-0.00151759
1.62999375e-007,-0.00101507
2.62999375e-007,-0.00202012
3.62999375e-007,-0.00151759
4.62999375e-007,-0.00101507
5.62999375e-007,-0.00101507
6.62999375e-007,-1.00732e-005
7.62999375e-007,-0.00151759
8.62999375e-007,-0.00252265
9.62999375e-007,-0.00101507
1.062999375e-006,-0.00101507
1.162999375e-006,-0.00101507
1.262999375e-006,-0.0005126
1.362999375e-006,-0.00101507
1.462999375e-006,-0.0005126
1.562999375e-006,-0.00101507
1.662999375e-006,-0.00151759
1.762999375e-006,-0.00202012
1.862999375e-006,-0.00151759
1.962999375e-006,-0.0005126
2.062999375e-006,-0.00302517
2.162999375e-006,-0.00151759
2.262999375e-006,-0.00101507
2.362999375e-006,-0.00151759
2.462999375e-006,-0.0005126
2.562999375e-006,-0.00202012
2.662999375e-006,-0.00101507
2.762999375e-006,-0.0005126
2.862999375e-006,-0.00202012
2.962999375e-006,-0.0005126
3.062999375e-006,-0.00202012
3.162999375e-006,-0.0005126
3.262999375e-006,-0.0005126
3.362999375e-006,-0.00202012
3.462999375e-006,-0.00151759
3.562999375e-006,-0.00151759
3.662999375e-006,-0.00151759
3.762999375e-006,-0.00151759
3.862999375e-006,-0.00252265
3.962999375e-006,-0.00202012
4.062999375e-006,-0.00202012
4.162999375e-006,-0.00202012
4.262999375e-006,-0.0005126
4.362999375e-006,-0.00202012
4.462999375e-006,-0.00202012
4.562999375e-006,-0.00252265
4.662999375e-006,-0.00151759
4.762999375e-006,-0.00101507
4.862999375e-006,-0.00302517
4.962999375e-006,-0.00151759
5.062999375e-006,-0.00352764
5.162999375e-006,-0.00151759
5.262999375e-006,-0.00101507
5.362999375e-006,-0.00202012
5.462999375e-006,-0.00202012
5.562999375e-006,-0.00202012
5.662999375e-006,-0.00202012
5.762999375e-006,-0.00101507
5.862999375e-006,-0.00202012
5.962999375e-006,-0.0005126
6.062999375e-006,-0.00202012
6.162999375e-006,-0.00252265
6.262999375e-006,-0.00101507
6.362999375e-006,-0.00101507
6.462999375e-006,0.000492454
6.562999375e-006,-0.00151759
6.662999375e-006,-0.00101507
6.762999375e-006,-0.00151759
6.862999375e-006,-0.00202012
6.962999375e-006,-0.0005126
7.062999375e-006,-0.00202012
7.162999375e-006,-0.00202012
7.262999375e-006,-0.00101507
7.362999375e-006,-0.00101507
7.462999375e-006,-0.00151759
7.562999375e-006,-0.00151759
7.662999375e-006,-0.00252265
7.762999375e-006,-0.0005126
7.862999375e-006,-0.00252265
7.962999375e-006,-0.00101507
8.062999375e-006,-0.00202012
8.162999375e-006,-0.00202012
8.262999375e-006,-0.00151759
8.362999375e-006,-0.00302517
8.462999375e-006,-0.00151759
8.562999375e-006,-0.00151759
8.662999375e-006,-0.00202012
8.762999375e-006,-0.0005126
8.862999375e-006,-0.00252265
8.962999375e-006,-0.00151759
9.062999375e-006,-0.00252265
9.162999375e-006,-0.00252265
9.262999375e-006,-0.00101507
9.362999375e-006,-0.00252265
9.462999375e-006,-0.00101507
9.562999375e-006,-0.00252265
9.662999375e-006,-0.00302517
9.762999375e-006,-1.00732e-005
9.862999375e-006,-0.00202012
9.962999375e-006,-0.00202012
1.0062999375e-005,-0.00202012
1.0162999375e-005,-0.00101507
1.0262999375e-005,-0.00151759
1.0362999375e-005,-0.00202012
1.0462999375e-005,-0.00202012
1.0562999375e-005,-0.00202012
1.0662999375e-005,-0.00202012
1.0762999375e-005,-0.00101507
1.0862999375e-005,-0.00252265
1.0962999375e-005,-0.00151759
1.1062999375e-005,-0.00202012
1.1162999375e-005,-0.00252265
1.1262999375e-005,-0.00151759
1.1362999375e-005,-0.00302517
1.1462999375e-005,-0.00151759
1.1562999375e-005,-0.00151759
1.1662999375e-005,-0.00151759
1.1762999375e-005,-0.0005126
1.1862999375e-005,-0.00302517
1.1962999375e-005,-0.00101507
1.2062999375e-005,-0.00151759
1.2162999375e-005,-0.00252265
1.2262999375e-005,-0.00101507
1.2362999375e-005,-0.00151759
1.2462999375e-005,-0.00151759
1.2562999375e-005,-0.00202012
1.2662999375e-005,-0.00252265
1.2762999375e-005,-0.00151759
1.2862999375e-005,-0.00252265
1.2962999375e-005,-0.00101507
1.3062999375e-005,-0.00151759
1.3162999375e-005,-0.00202012
1.3262999375e-005,-0.00202012
1.3362999375e-005,-0.00202012
1.3462999375e-005,-0.00151759
1.3562999375e-005,-0.00151759
1.3662999375e-005,-0.00151759
1.3762999375e-005,-0.00101507
1.3862999375e-005,-0.00151759
1.3962999375e-005,-0.00151759
1.4062999375e-005,-0.00101507
1.4162999375e-005,-0.00252265
1.4262999375e-005,-0.00202012
1.4362999375e-005,-0.00151759
1.4462999375e-005,-1.00732e-005
1.4562999375e-005,-0.0005126
1.4662999375e-005,-0.00202012
1.4762999375e-005,-1.00732e-005
1.4862999375e-005,-0.0005126
1.4962999375e-005,-0.00252265
1.5062999375e-005,-0.00101507
1.5162999375e-005,-0.00151759
1.5262999375e-005,0.000492454
1.5362999375e-005,-0.00151759
1.5462999375e-005,-0.00101507
1.5562999375e-005,-0.0005126
1.5662999375e-005,-0.00101507
1.5762999375e-005,-0.0005126
1.5862999375e-005,-0.00252265
1.5962999375e-005,-0.0005126
1.6062999375e-005,-0.00202012
1.6162999375e-005,-0.00101507
1.6262999375e-005,-0.00101507
1.6362999375e-005,-0.00151759
1.6462999375e-005,-0.00202012
1.6562999375e-005,-0.00101507
1.6662999375e-005,-0.00252265
1.6762999375e-005,-0.0005126
1.6862999375e-005,-0.00252265
1.6962999375e-005,-0.00151759
1.7062999375e-005,-0.00202012
1.7162999375e-005,-0.00101507
1.7262999375e-005,-0.0005126
1.7362999375e-005,-0.00101507
1.7462999375e-005,-0.00202012
1.7562999375e-005,-1.00732e-005
1.7662999375e-005,-0.00151759
1.7762999375e-005,-1.00732e-005
1.7862999375e-005,-0.00101507
1.7962999375e-005,-0.0005126
1.8062999375e-005,0.000492454
1.8162999375e-005,-0.0005126
1.8262999375e-005,0.000492454
1.8362999375e-005,-0.00101507
1.8462999375e-005,-0.0005126
1.8562999375e-005,-0.00101507
1.8662999375e-005,-0.00202012
1.8762999375e-005,-0.0005126
1.8862999375e-005,-0.0005126
1.8962999375e-005,-0.00252265
1.9062999375e-005,-1.00732e-005
1.9162999375e-005,-0.00151759
1.9262999375e-005,0.000492454
1.9362999375e-005,-0.0005126
1.9462999375e-005,-0.0005126
1.9562999375e-005,0.000492454
1.9662999375e-005,-0.00101507
1.9762999375e-005,-0.00101507
1.9862999375e-005,-0.00101507
1.9962999375e-005,-0.00202012
2.0062999375e-005,-1.00732e-005
2.0162999375e-005,-0.00151759
2.0262999375e-005,0.000492454
2.0362999375e-005,-0.00101507
2.0462999375e-005,-0.00252265
2.0562999375e-005,-0.0005126
2.0662999375e-005,-0.00151759
2.0762999375e-005,-0.00151759
2.0862999375e-005,-0.00151759
2.0962999375e-005,-0.00151759
2.1062999375e-005,-0.0005126
2.1162999375e-005,-0.00202012
2.1262999375e-005,-1.00732e-005
2.1362999375e-005,-0.00101507
2.1462999375e-005,-0.00151759
2.1562999375e-005,-0.00101507
2.1662999375e-005,-0.00202012
2.1762999375e-005,-0.00151759
2.1862999375e-005,-0.00151759
2.1962999375e-005,-0.00202012
2.2062999375e-005,-0.00151759
2.2162999375e-005,-0.00101507
2.2262999375e-005,-0.00101507
2.2362999375e-005,-0.00101507
2.2462999375e-005,-0.00151759
2.2562999375e-005,-0.00101507
2.2662999375e-005,-0.00101507
2.2762999375e-005,-0.0005126
2.2862999375e-005,-0.00202012
2.2962999375e-005,-0.00202012
2.3062999375e-005,-0.00151759
2.3162999375e-005,-0.00252265
2.3262999375e-005,-0.00101507
2.3362999375e-005,-0.00151759
2.3462999375e-005,-0.00151759
2.3562999375e-005,-0.0005126
2.3662999375e-005,-0.00202012
2.3762999375e-005,-0.00101507
2.3862999375e-005,-0.00101507
2.3962999375e-005,-0.0005126
2.4062999375e-005,-0.0005126
2.4162999375e-005,-0.00101507
2.4262999375e-005,-0.0005126
2.4362999375e-005,-0.00101507
2.4462999375e-005,-0.00151759
2.4562999375e-005,-0.00101507
2.4662999375e-005,-0.00151759
2.4762999375e-005,-0.00151759
2.4862999375e-005,-0.0005126
2.4962999375e-005,-0.00101507
2.5062999375e-005,-0.0005126
2.5162999375e-005,-0.00101507
2.5262999375e-005,-0.00151759
2.5362999375e-005,-0.00151759
2.5462999375e-005,-0.00151759
2.5562999375e-005,-0.00202012
2.5662999375e-005,-0.00151759
2.5762999375e-005,-0.00101507
2.5862999375e-005,-0.00151759
2.5962999375e-005,-0.00302517
2.6062999375e-005,-0.00202012
2.6162999375e-005,-0.00202012
2.6262999375e-005,-0.00151759
2.6362999375e-005,-1.00732e-005
2.6462999375e-005,-0.00101507
2.6562999375e-005,-0.00101507
2.6662999375e-005,-0.00202012
2.6762999375e-005,-0.0005126
2.6862999375e-005,-0.00101507
2.6962999375e-005,-0.00252265
2.7062999375e-005,-0.0005126
2.7162999375e-005,-0.0005126
2.7262999375e-005,-0.00202012
2.7362999375e-005,-0.0005126
2.7462999375e-005,-0.00252265
2.7562999375e-005,-0.00202012
2.7662999375e-005,-0.00202012
2.7762999375e-005,-0.00151759
2.7862999375e-005,-0.00202012
2.7962999375e-005,-0.00101507
2.8062999375e-005,-0.0005126
2.8162999375e-005,-0.00101507
2.8262999375e-005,-0.00151759
2.8362999375e-005,-0.00202012
2.8462999375e-005,-0.00252265
2.8562999375e-005,-0.0005126
2.8662999375e-005,-0.00101507
2.8762999375e-005,-0.00352764
2.8862999375e-005,-0.00151759
2.8962999375e-005,-0.00202012
2.9062999375e-005,-0.00151759
2.9162999375e-005,-0.00252265
2.9262999375e-005,-0.00252265
2.9362999375e-005,-0.00151759
2.9462999375e-005,-0.00151759
2.9562999375e-005,-0.00202012
2.9662999375e-005,-0.00101507
2.9762999375e-005,-0.00202012
2.9862999375e-005,-0.00151759
2.9962999375e-005,-0.00151759
3.0062999375e-005,-0.00101507
3.0162999375e-005,-0.00151759
3.0262999375e-005,-0.00151759
3.0362999375e-005,-0.0005126
3.0462999375e-005,-0.00101507
3.0562999375e-005,-0.00101507
3.0662999375e-005,-0.0005126
3.0762999375e-005,-0.00151759
3.0862999375e-005,-0.00101507
3.0962999375e-005,-0.00202012
3.1062999375e-005,-0.0005126
3.1162999375e-005,-0.00101507
3.1262999375e-005,-0.00202012
3.1362999375e-005,-0.0005126
3.1462999375e-005,-0.00151759
3.1562999375e-005,-0.0005126
3.1662999375e-005,-0.0005126
3.1762999375e-005,-0.00151759
3.1862999375e-005,-0.0005126
3.1962999375e-005,-0.00252265
3.2062999375e-005,-0.00151759
3.2162999375e-005,-0.00202012
3.2262999375e-005,-0.00302517
3.2362999375e-005,-0.0005126
3.2462999375e-005,-0.00302517
3.2562999375e-005,-0.00151759
3.2662999375e-005,-1.00732e-005
3.2762999375e-005,-0.00252265
3.2862999375e-005,-1.00732e-005
3.2962999375e-005,-0.00202012
3.3062999375e-005,-0.00151759
3.3162999375e-005,-0.00101507
3.3262999375e-005,-0.00202012
3.3362999375e-005,-0.00101507
3.3462999375e-005,-0.00202012
3.3562999375e-005,-0.00252265
3.3662999375e-005,-0.00151759
3.3762999375e-005,-0.00202012
3.3862999375e-005,-1.00732e-005
3.3962999375e-005,-0.00101507
3.4062999375e-005,-0.0005126
3.4162999375e-005,-0.0005126
3.4262999375e-005,-0.00101507
3.4362999375e-005,-0.0005126
3.4462999375e-005,-0.00101507
3.4562999375e-005,-0.00151759
3.4662999375e-005,-0.00101507
3.4762999375e-005,-0.00101507
3.4862999375e-005,-0.00151759
3.4962999375e-005,-0.00151759
3.5062999375e-005,-0.00151759
3.5162999375e-005,-1.00732e-005
3.5262999375e-005,-0.00151759
3.5362999375e-005,-0.00101507
3.5462999375e-005,-0.00151759
3.5562999375e-005,-0.00101507
3.5662999375e-005,-0.00151759
3.5762999375e-005,-0.00252265
3.5862999375e-005,-0.00101507
3.5962999375e-005,-0.00252265
3.6062999375e-005,-0.00151759
3.6162999375e-005,-0.00101507
3.6262999375e-005,-0.00302517
3.6362999375e-005,-0.0005126
3.6462999375e-005,-0.00101507
3.6562999375e-005,-0.00151759
3.6662999375e-005,-0.00101507
3.6762999375e-005,-0.00252265
3.6862999375e-005,-0.00151759
3.6962999375e-005,-0.00202012
3.7062999375e-005,-0.00302517
3.7162999375e-005,-0.0005126
3.7262999375e-005,-0.0005126
3.7362999375e-005,-0.00252265
3.7462999375e-005,-0.00252265
3.7562999375e-005,-0.00202012
3.7662999375e-005,-0.00151759
3.7762999375e-005,-0.0005126
3.7862999375e-005,-0.0005126
3.7962999375e-005,-0.00202012
3.8062999375e-005,-0.00151759
3.8162999375e-005,-0.00151759
3.8262999375e-005,-0.00151759
3.8362999375e-005,-0.0005126
3.8462999375e-005,-0.00151759
3.8562999375e-005,-0.00101507
3.8662999375e-005,-0.0005126
3.8762999375e-005,-0.00151759
3.8862999375e-005,-0.00151759
3.8962999375e-005,-0.00151759
3.9062999375e-005,-0.00151759
3.9162999375e-005,-0.00252265
3.9262999375e-005,-0.00202012
3.9362999375e-005,-0.00101507
3.9462999375e-005,-0.00252265
3.9562999375e-005,-0.00252265
3.9662999375e-005,-0.00151759
3.9762999375e-005,-0.00202012
3.9862999375e-005,-0.00151759
3.9962999375e-005,-0.00302517
4.0062999375e-005,-0.00202012
4.0162999375e-005,-0.00151759
4.0262999375e-005,-0.00151759
4.0362999375e-005,-0.00151759
4.0462999375e-005,-0.00202012
4.0562999375e-005,-0.00202012
4.0662999375e-005,-0.00151759
4.0762999375e-005,-0.00252265
4.0862999375e-005,-0.00151759
4.0962999375e-005,-0.00151759
4.1062999375e-005,-0.00151759
4.1162999375e-005,-0.00101507
4.1262999375e-005,-0.00202012
4.1362999375e-005,-0.00202012
4.1462999375e-005,-0.00151759
4.1562999375e-005,-0.00252265
4.1662999375e-005,-0.00151759
4.1762999375e-005,-0.00202012
4.1862999375e-005,-1.00732e-005
4.1962999375e-005,-0.00302517
4.2062999375e-005,-0.00202012
4.2162999375e-005,-0.0005126
4.2262999375e-005,-0.00202012
4.2362999375e-005,-0.00151759
4.2462999375e-005,-0.00151759
4.2562999375e-005,-0.00252265
4.2662999375e-005,-0.00101507
4.2762999375e-005,-0.00352764
4.2862999375e-005,-0.00252265
4.2962999375e-005,-0.00101507
4.3062999375e-005,-0.00151759
4.3162999375e-005,-0.00202012
4.3262999375e-005,-0.00302517
4.3362999375e-005,-0.00202012
4.3462999375e-005,-0.00202012
4.3562999375e-005,-0.00302517
4.3662999375e-005,-0.0005126
4.3762999375e-005,-0.00252265
4.3862999375e-005,-0.00252265
4.3962999375e-005,-0.00151759
4.4062999375e-005,-0.00252265
4.4162999375e-005,-0.00252265
4.4262999375e-005,-0.00302517
4.4362999375e-005,-0.00151759
4.4462999375e-005,-0.00151759
4.4562999375e-005,-0.00202012
4.4662999375e-005,-0.00151759
4.4762999375e-005,-0.00202012
4.4862999375e-005,-0.00202012
4.4962999375e-005,-0.00202012
4.5062999375e-005,-0.00252265
4.5162999375e-005,-0.0005126
4.5262999375e-005,-0.00302517
4.5362999375e-005,-0.00252265
4.5462999375e-005,-0.00101507
4.5562999375e-005,-0.00302517
4.5662999375e-005,-0.00151759
4.5762999375e-005,-0.00151759
4.5862999375e-005,-0.00202012
4.5962999375e-005,-0.00101507
4.6062999375e-005,-0.00252265
4.6162999375e-005,-0.00202012
4.6262999375e-005,-0.00302517
4.6362999375e-005,-0.00151759
4.6462999375e-005,-0.00202012
4.6562999375e-005,-0.00252265
4.6662999375e-005,-0.00151759
4.6762999375e-005,-0.00252265
4.6862999375e-005,-0.00151759
4.6962999375e-005,-0.00252265
4.7062999375e-005,-0.00252265
4.7162999375e-005,-0.00202012
4.7262999375e-005,-0.00151759
4.7362999375e-005,-0.00151759
4.7462999375e-005,-0.00101507
4.7562999375e-005,-0.00252265
4.7662999375e-005,-0.00151759
4.7762999375e-005,-0.00101507
4.7862999375e-005,-0.00151759
4.7962999375e-005,-0.00252265
4.8062999375e-005,-0.00202012
4.8162999375e-005,-0.00101507
4.8262999375e-005,-0.00202012
4.8362999375e-005,-0.00252265
4.8462999375e-005,-0.00151759
4.8562999375e-005,-0.00252265
4.8662999375e-005,-0.0005126
4.8762999375e-005,-0.00252265
4.8862999375e-005,-0.00302517
4.8962999375e-005,-0.00101507
4.9062999375e-005,-0.00302517
4.9162999375e-005,-0.00151759
4.9262999375e-005,-0.00352764
4.9362999375e-005,-0.00151759
4.9462999375e-005,-0.00151759
4.9562999375e-005,-0.00151759
4.9662999375e-005,-0.00202012
4.9762999375e-005,-0.00302517
4.9862999375e-005,-0.00252265
4.9962999375e-005,-0.00403017
5.0062999375e-005,-0.00453269
5.0162999375e-005,-0.00403017
5.0262999375e-005,-0.00403017
5.0362999375e-005,-0.00503522
5.0462999375e-005,-0.00453269
5.0562999375e-005,-0.00453269
5.0662999375e-005,-0.00503522
5.0762999375e-005,-0.00352764
5.0862999375e-005,-0.00403017
5.0962999375e-005,-0.00453269
5.1062999375e-005,-0.00403017
5.1162999375e-005,-0.00403017
5.1262999375e-005,-0.00453269
5.1362999375e-005,-0.00503522
5.1462999375e-005,-0.00352764
5.1562999375e-005,-0.00453269
5.1662999375e-005,-0.00453269
5.1762999375e-005,-0.00503522
5.1862999375e-005,-0.00352764
5.1962999375e-005,-0.00453269
5.2062999375e-005,-0.00453269
5.2162999375e-005,-0.00503522
5.2262999375e-005,-0.00503522
5.2362999375e-005,-0.00453269
5.2462999375e-005,-0.00302517
5.2562999375e-005,-0.00453269
5.2662999375e-005,-0.00403017
5.2762999375e-005,-0.00503522
5.2862999375e-005,-0.00503522
5.2962999375e-005,-0.00453269
5.3062999375e-005,-0.00453269
5.3162999375e-005,-0.00453269
5.3262999375e-005,-0.00403017
5.3362999375e-005,-0.00453269
5.3462999375e-005,-0.00503522
5.3562999375e-005,-0.00453269
5.3662999375e-005,-0.00503522
5.3762999375e-005,-0.00352764
5.3862999375e-005,-0.00503522
5.3962999375e-005,-0.00503522
5.4062999375e-005,-0.00553769
5.4162999375e-005,-0.00403017
5.4262999375e-005,-0.00403017
5.4362999375e-005,-0.00453269
5.4462999375e-005,-0.00553769
5.4562999375e-005,-0.00453269
5.4662999375e-005,-0.00503522
5.4762999375e-005,-0.00403017
5.4862999375e-005,-0.00503522
5.4962999375e-005,-0.00403017
5.5062999375e-005,-0.00503522
5.5162999375e-005,-0.00453269
5.5262999375e-005,-0.00503522
5.5362999375e-005,-0.00503522
5.5462999375e-005,-0.00453269
5.5562999375e-005,-0.00503522
5.5662999375e-005,-0.00503522
5.5762999375e-005,-0.00453269
5.5862999375e-005,-0.00403017
5.5962999375e-005,-0.00453269
5.6062999375e-005,-0.00503522
5.6162999375e-005,-0.00453269
5.6262999375e-005,-0.00553769
5.6362999375e-005,-0.00352764
5.6462999375e-005,-0.00503522
5.6562999375e-005,-0.00553769
5.6662999375e-005,-0.00503522
5.6762999375e-005,-0.00403017
5.6862999375e-005,-0.00553769
5.6962999375e-005,-0.00503522
5.7062999375e-005,-0.00453269
5.7162999375e-005,-0.00553769
5.7262999375e-005,-0.00453269
5.7362999375e-005,-0.00453269
5.7462999375e-005,-0.00503522
5.7562999375e-005,-0.00453269
5.7662999375e-005,-0.00503522
5.7762999375e-005,-0.00453269
5.7862999375e-005,-0.00453269
5.7962999375e-005,-0.00503522
5.8062999375e-005,-0.00453269
5.8162999375e-005,-0.00553769
5.8262999375e-005,-0.00403017
5.8362999375e-005,-0.00453269
5.8462999375e-005,-0.00403017
5.8562999375e-005,-0.00503522
5.8662999375e-005,-0.00453269
5.8762999375e-005,-0.00503522
5.8862999375e-005,-0.00403017
5.8962999375e-005,-0.00503522
5.9062999375e-005,-0.00503522
5.9162999375e-005,-0.00453269
5.9262999375e-005,-0.00503522
5.9362999375e-005,-0.00503522
5.9462999375e-005,-0.00503522
5.9562999375e-005,-0.00503522
5.9662999375e-005,-0.00453269
5.9762999375e-005,-0.00453269
5.9862999375e-005,-0.00503522
5.9962999375e-005,-0.00403017
6.0062999375e-005,-0.00453269
6.0162999375e-005,-0.00453269
6.0262999375e-005,-0.00453269
6.0362999375e-005,-0.00403017
6.0462999375e-005,-0.00503522
6.0562999375e-005,-0.00503522
6.0662999375e-005,-0.00503522
6.0762999375e-005,-0.00403017
6.0862999375e-005,-0.00453269
6.0962999375e-005,-0.00503522
6.1062999375e-005,-0.00503522
6.1162999375e-005,-0.00553769
6.1262999375e-005,-0.00503522
6.1362999375e-005,-0.00553769
6.1462999375e-005,-0.00553769
6.1562999375e-005,-0.00453269
6.1662999375e-005,-0.00453269
6.1762999375e-005,-0.00453269
6.1862999375e-005,-0.00503522
6.1962999375e-005,-0.00503522
6.2062999375e-005,-0.00503522
6.2162999375e-005,-0.00403017
6.2262999375e-005,-0.00453269
6.2362999375e-005,-0.00503522
6.2462999375e-005,-0.00453269
6.2562999375e-005,-0.00453269
6.2662999375e-005,-0.00453269
6.2762999375e-005,-0.00453269
6.2862999375e-005,-0.00403017
6.2962999375e-005,-0.00503522
6.3062999375e-005,-0.00453269
6.3162999375e-005,-0.00503522
6.3262999375e-005,-0.00503522
6.3362999375e-005,-0.00453269
6.3462999375e-005,-0.00453269
6.3562999375e-005,-0.00453269
6.3662999375e-005,-0.00503522
6.3762999375e-005,-0.00453269
6.3862999375e-005,-0.00453269
6.3962999375e-005,-0.00503522
6.4062999375e-005,-0.00403017
6.4162999375e-005,-0.00352764
6.4262999375e-005,-0.00453269
6.4362999375e-005,-0.00453269
6.4462999375e-005,-0.00453269
6.4562999375e-005,-0.00453269
6.4662999375e-005,-0.00453269
6.4762999375e-005,-0.00302517
6.4862999375e-005,-0.00352764
6.4962999375e-005,-0.00352764
6.5062999375e-005,-0.00403017
6.5162999375e-005,-0.00403017
6.5262999375e-005,-0.00453269
6.5362999375e-005,-0.00453269
6.5462999375e-005,-0.00453269
6.5562999375e-005,-0.00403017
6.5662999375e-005,-0.00503522
6.5762999375e-005,-0.00403017
6.5862999375e-005,-0.00503522
6.5962999375e-005,-0.00403017
6.6062999375e-005,-0.00403017
6.6162999375e-005,-0.00403017
6.6262999375e-005,-0.00453269
6.6362999375e-005,-0.00403017
6.6462999375e-005,-0.00503522
6.6562999375e-005,-0.00503522
6.6662999375e-005,-0.00503522
6.6762999375e-005,-0.00403017
6.6862999375e-005,-0.00503522
6.6962999375e-005,-0.00503522
6.7062999375e-005,-0.00453269
6.7162999375e-005,-0.00352764
6.7262999375e-005,-0.00403017
6.7362999375e-005,-0.00403017
6.7462999375e-005,-0.00453269
6.7562999375e-005,-0.00352764
6.7662999375e-005,-0.00403017
6.7762999375e-005,-0.00503522
6.7862999375e-005,-0.00403017
6.7962999375e-005,-0.00503522
6.8062999375e-005,-0.00553769
6.8162999375e-005,-0.00453269
6.8262999375e-005,-0.00503522
6.8362999375e-005,-0.00352764
6.8462999375e-005,-0.00403017
6.8562999375e-005,-0.00403017
6.8662999375e-005,-0.00453269
6.8762999375e-005,-0.00403017
6.8862999375e-005,-0.00403017
6.8962999375e-005,-0.00403017
6.9062999375e-005,-0.00503522
6.9162999375e-005,-0.00453269
6.9262999375e-005,-0.00503522
6.9362999375e-005,-0.00403017
6.9462999375e-005,-0.00453269
6.9562999375e-005,-0.00503522
6.9662999375e-005,-0.00403017
6.9762999375e-005,-0.00453269
6.9862999375e-005,-0.00453269
6.9962999375e-005,-0.00503522
7.0062999375e-005,-0.00553769
7.0162999375e-005,-0.00503522
7.0262999375e-005,-0.00453269
7.0362999375e-005,-0.00553769
7.0462999375e-005,-0.00503522
7.0562999375e-005,-0.00453269
7.0662999375e-005,-0.00403017
7.0762999375e-005,-0.00503522
7.0862999375e-005,-0.00453269
7.0962999375e-005,-0.00453269
7.1062999375e-005,-0.00453269
7.1162999375e-005,-0.00403017
7.1262999375e-005,-0.00503522
7.1362999375e-005,-0.00453269
7.1462999375e-005,-0.00453269
7.1562999375e-005,-0.00453269
7.1662999375e-005,-0.00352764
7.1762999375e-005,-0.00453269
7.1862999375e-005,-0.00453269
7.1962999375e-005,-0.00453269
7.2062999375e-005,-0.00403017
7.2162999375e-005,-0.00352764
7.2262999375e-005,-0.00403017
7.2362999375e-005,-0.00352764
7.2462999375e-005,-0.00403017
7.2562999375e-005,-0.00503522
7.2662999375e-005,-0.00553769
7.2762999375e-005,-0.00453269
7.2862999375e-005,-0.00503522
7.2962999375e-005,-0.00503522
7.3062999375e-005,-0.00453269
7.3162999375e-005,-0.00403017
7.3262999375e-005,-0.00403017
7.3362999375e-005,-0.00453269
7.3462999375e-005,-0.00503522
7.3562999375e-005,-0.00604022
7.3662999375e-005,-0.00503522
7.3762999375e-005,-0.00503522
7.3862999375e-005,-0.00453269
7.3962999375e-005,-0.00403017
7.4062999375e-005,-0.00553769
7.4162999375e-005,-0.00503522
7.4262999375e-005,-0.00352764
7.4362999375e-005,-0.00352764
7.4462999375e-005,-0.00503522
7.4562999375e-005,-0.00453269
7.4662999375e-005,-0.00403017
7.4762999375e-005,-0.00553769
7.4862999375e-005,-0.00453269
7.4962999375e-005,-0.00503522
7.5062999375e-005,-0.00403017
7.5162999375e-005,-0.00453269
7.5262999375e-005,-0.00403017
7.5362999375e-005,-0.00453269
7.5462999375e-005,-0.00453269
7.5562999375e-005,-0.00403017
7.5662999375e-005,-0.00453269
7.5762999375e-005,-0.00453269
7.5862999375e-005,-0.00553769
7.5962999375e-005,-0.00453269
7.6062999375e-005,-0.00453269
7.6162999375e-005,-0.00503522
7.6262999375e-005,-0.00503522
7.6362999375e-005,-0.00403017
7.6462999375e-005,-0.00403017
7.6562999375e-005,-0.00553769
7.6662999375e-005,-0.00453269
7.6762999375e-005,-0.00503522
7.6862999375e-005,-0.00453269
7.6962999375e-005,-0.00453269
7.7062999375e-005,-0.00503522
7.7162999375e-005,-0.00553769
7.7262999375e-005,-0.00503522
7.7362999375e-005,-0.00453269
7.7462999375e-005,-0.00604022
7.7562999375e-005,-0.00503522
7.7662999375e-005,-0.00503522
7.7762999375e-005,-0.00503522
7.7862999375e-005,-0.00604022
7.7962999375e-005,-0.00553769
7.8062999375e-005,-0.00503522
7.8162999375e-005,-0.00503522
7.8262999375e-005,-0.00553769
7.8362999375e-005,-0.00503522
7.8462999375e-005,-0.00503522
7.8562999375e-005,-0.00503522
7.8662999375e-005,-0.00453269
7.8762999375e-005,-0.00503522
7.8862999375e-005,-0.00553769
7.8962999375e-005,-0.00453269
7.9062999375e-005,-0.00453269
7.9162999375e-005,-0.00503522
7.9262999375e-005,-0.00553769
7.9362999375e-005,-0.00453269
7.9462999375e-005,-0.00553769
7.9562999375e-005,-0.00553769
7.9662999375e-005,-0.00553769
7.9762999375e-005,-0.00654274
7.9862999375e-005,-0.00553769
7.9962999375e-005,-0.00503522
8.0062999375e-005,-0.00553769
8.0162999375e-005,-0.00553769
8.0262999375e-005,-0.00453269
8.0362999375e-005,-0.00453269
8.0462999375e-005,-0.00553769
8.0562999375e-005,-0.00553769
8.0662999375e-005,-0.00503522
8.0762999375e-005,-0.00453269
8.0862999375e-005,-0.00403017
8.0962999375e-005,-0.00553769
8.1062999375e-005,-0.00503522
8.1162999375e-005,-0.00553769
8.1262999375e-005,-0.00503522
8.1362999375e-005,-0.00503522
8.1462999375e-005,-0.00503522
8.1562999375e-005,-0.00403017
8.1662999375e-005,-0.00403017
8.1762999375e-005,-0.00302517
8.1862999375e-005,-0.00553769
8.1962999375e-005,-0.00503522
8.2062999375e-005,-0.00553769
8.2162999375e-005,-0.00403017
8.2262999375e-005,-0.00403017
8.2362999375e-005,-0.00403017
8.2462999375e-005,-0.00453269
8.2562999375e-005,-0.00503522
8.2662999375e-005,-0.00453269
8.2762999375e-005,-0.00503522
8.2862999375e-005,-0.00553769
8.2962999375e-005,-0.00403017
8.3062999375e-005,-0.00453269
8.3162999375e-005,-0.00503522
8.3262999375e-005,-0.00453269
8.3362999375e-005,-0.00403017
8.3462999375e-005,-0.00503522
8.3562999375e-005,-0.00503522
8.3662999375e-005,-0.00553769
8.3762999375e-005,-0.00503522
8.3862999375e-005,-0.00503522
8.3962999375e-005,-0.00403017
8.4062999375e-005,-0.00453269
8.4162999375e-005,-0.00453269
8.4262999375e-005,-0.00503522
8.4362999375e-005,-0.00453269
8.4462999375e-005,-0.00503522
8.4562999375e-005,-0.00503522
8.4662999375e-005,-0.00453269
8.4762999375e-005,-0.00503522
8.4862999375e-005,-0.00403017
8.4962999375e-005,-0.00503522
8.5062999375e-005,-0.00503522
8.5162999375e-005,-0.00453269
8.5262999375e-005,-0.00503522
8.5362999375e-005,-0.00503522
8.5462999375e-005,-0.00503522
8.5562999375e-005,-0.00403017
8.5662999375e-005,-0.00453269
8.5762999375e-005,-0.00453269
8.5862999375e-005,-0.00503522
8.5962999375e-005,-0.00453269
8.6062999375e-005,-0.00453269
8.6162999375e-005,-0.00403017
8.6262999375e-005,-0.00403017
8.6362999375e-005,-0.00453269
8.6462999375e-005,-0.00503522
8.6562999375e-005,-0.00503522
8.6662999375e-005,-0.00352764
8.6762999375e-005,-0.00503522
8.6862999375e-005,-0.00352764
8.6962999375e-005,-0.00352764
8.7062999375e-005,-0.00553769
8.7162999375e-005,-0.00503522
8.7262999375e-005,-0.00553769
8.7362999375e-005,-0.00453269
8.7462999375e-005,-0.00503522
8.7562999375e-005,-0.00503522
8.7662999375e-005,-0.00503522
8.7762999375e-005,-0.00453269
8.7862999375e-005,-0.00453269
8.7962999375e-005,-0.00453269
8.8062999375e-005,-0.00453269
8.8162999375e-005,-0.00453269
8.8262999375e-005,-0.00553769
8.8362999375e-005,-0.00453269
8.8462999375e-005,-0.00503522
8.8562999375e-005,-0.00403017
8.8662999375e-005,-0.00352764
8.8762999375e-005,-0.00553769
8.8862999375e-005,-0.00503522
8.8962999375e-005,-0.00503522
8.9062999375e-005,-0.00453269
8.9162999375e-005,-0.00503522
8.9262999375e-005,-0.00503522
8.9362999375e-005,-0.00503522
8.9462999375e-005,-0.00503522
8.9562999375e-005,-0.00453269
8.9662999375e-005,-0.00453269
8.9762999375e-005,-0.00453269
8.9862999375e-005,-0.00453269
8.9962999375e-005,-0.00403017
9.0062999375e-005,-0.00553769
9.0162999375e-005,-0.00453269
9.0262999375e-005,-0.00453269
9.0362999375e-005,-0.00453269
9.0462999375e-005,-0.00453269
9.0562999375e-005,-0.00503522
9.0662999375e-005,-0.00403017
9.0762999375e-005,-0.00553769
9.0862999375e-005,-0.00403017
9.0962999375e-005,-0.00604022
9.1062999375e-005,-0.00503522
9.1162999375e-005,-0.00553769
9.1262999375e-005,-0.00453269
9.1362999375e-005,-0.00453269
9.1462999375e-005,-0.00553769
9.1562999375e-005,-0.00453269
9.1662999375e-005,-0.00503522
9.1762999375e-005,-0.00503522
9.1862999375e-005,-0.00503522
9.1962999375e-005,-0.00453269
9.2062999375e-005,-0.00553769
9.2162999375e-005,-0.00453269
9.2262999375e-005,-0.00503522
9.2362999375e-005,-0.00453269
9.2462999375e-005,-0.00453269
9.2562999375e-005,-0.00453269
9.2662999375e-005,-0.00403017
9.2762999375e-005,-0.00503522
9.2862999375e-005,-0.00453269
9.2962999375e-005,-0.00453269
9.3062999375e-005,-0.00453269
9.3162999375e-005,-0.00453269
9.3262999375e-005,-0.00453269
9.3362999375e-005,-0.00453269
9.3462999375e-005,-0.00503522
9.3562999375e-005,-0.00553769
9.3662999375e-005,-0.00553769
9.3762999375e-005,-0.00604022
9.3862999375e-005,-0.00503522
9.3962999375e-005,-0.00553769
9.4062999375e-005,-0.00503522
9.4162999375e-005,-0.00503522
9.4262999375e-005,-0.00503522
9.4362999375e-005,-0.00503522
9.4462999375e-005,-0.00503522
9.4562999375e-005,-0.00553769
9.4662999375e-005,-0.00503522
9.4762999375e-005,-0.00453269
9.4862999375e-005,-0.00453269
9.4962999375e-005,-0.00553769
9.5062999375e-005,-0.00553769
9.5162999375e-005,-0.00604022
9.5262999375e-005,-0.00503522
9.5362999375e-005,-0.00403017
9.5462999375e-005,-0.00503522
9.5562999375e-005,-0.00503522
9.5662999375e-005,-0.00453269
9.5762999375e-005,-0.00503522
9.5862999375e-005,-0.00553769
9.5962999375e-005,-0.00604022
9.6062999375e-005,-0.00503522
9.6162999375e-005,-0.00503522
9.6262999375e-005,-0.00403017
9.6362999375e-005,-0.00503522
9.6462999375e-005,-0.00453269
9.6562999375e-005,-0.00503522
9.6662999375e-005,-0.00503522
9.6762999375e-005,-0.00503522
9.6862999375e-005,-0.00453269
9.6962999375e-005,-0.00553769
9.7062999375e-005,-0.00503522
9.7162999375e-005,-0.00453269
9.7262999375e-005,-0.00553769
9.7362999375e-005,-0.00503522
9.7462999375e-005,-0.00553769
9.7562999375e-005,-0.00453269
9.7662999375e-005,-0.00453269
9.7762999375e-005,-0.00553769
9.7862999375e-005,-0.00453269
9.7962999375e-005,-0.00503522
9.8062999375e-005,-0.00453269
9.8162999375e-005,-0.00503522
9.8262999375e-005,-0.00553769
9.8362999375e-005,-0.00503522
9.8462999375e-005,-0.00503522
9.8562999375e-005,-0.00403017
9.8662999375e-005,-0.00604022
9.8762999375e-005,-0.00553769
9.8862999375e-005,-0.00453269
9.8962999375e-005,-0.00553769
9.9062999375e-005,-0.00503522
9.9162999375e-005,-0.00453269
9.9262999375e-005,-0.00553769
9.9362999375e-005,-0.00403017
9.9462999375e-005,-0.00453269
9.9562999375e-005,-0.00403017
9.9662999375e-005,-0.00553769
9.9762999375e-005,-0.00503522
9.9862999375e-005,-0.00503522
9.9962999375e-005,-0.00302517
0.000100062999375,-0.00403017
0.000100162999375,-0.00101507
0.000100262999375,-0.00151759
0.000100362999375,-0.00252265
0.000100462999375,-0.00252265
0.000100562999375,-0.00202012
0.000100662999375,-0.00202012
0.000100762999375,-0.00252265
0.000100862999375,-0.00252265
0.000100962999375,-0.00202012
0.000101062999375,-0.00352764
0.000101162999375,-0.00202012
0.000101262999375,-0.00252265
0.000101362999375,-0.00252265
0.000101462999375,-0.00101507
0.000101562999375,-0.00252265
0.000101662999375,-0.00151759
0.000101762999375,-0.00252265
0.000101862999375,-0.00252265
0.000101962999375,-0.00202012
0.000102062999375,-0.00403017
0.000102162999375,-0.00302517
0.000102262999375,-0.00202012
0.000102362999375,-0.00202012
0.000102462999375,-0.00202012
0.000102562999375,-0.00252265
0.000102662999375,-0.00202012
0.000102762999375,-0.00252265
0.000102862999375,-0.00302517
0.000102962999375,-0.00252265