x-axis,2
second,Volt
-9.69369884375e-005,5.02481
-9.68369884375e-005,5.03737
-9.67369884375e-005,5.04994
-9.66369884375e-005,5.01225
-9.65369884375e-005,5.03737
-9.64369884375e-005,4.99969
-9.63369884375e-005,4.99969
-9.62369884375e-005,5.03737
-9.61369884375e-005,4.99969
-9.60369884375e-005,5.01225
-9.59369884375e-005,5.03737
-9.58369884375e-005,5.03737
-9.57369884375e-005,5.03737
-9.56369884375e-005,5.02481
-9.55369884375e-005,5.01225
-9.54369884375e-005,5.01225
-9.53369884375e-005,5.03737
-9.52369884375e-005,5.03737
-9.51369884375e-005,5.02481
-9.50369884375e-005,5.01225
-9.49369884375e-005,5.01225
-9.48369884375e-005,5.01225
-9.47369884375e-005,5.02481
-9.46369884375e-005,5.03737
-9.45369884375e-005,5.01225
-9.44369884375e-005,5.04994
-9.43369884375e-005,5.04994
-9.42369884375e-005,5.03737
-9.41369884375e-005,5.0625
-9.40369884375e-005,5.03737
-9.39369884375e-005,5.02481
-9.38369884375e-005,5.02481
-9.37369884375e-005,5.01225
-9.36369884375e-005,5.02481
-9.35369884375e-005,4.99969
-9.34369884375e-005,5.01225
-9.33369884375e-005,5.03737
-9.32369884375e-005,5.02481
-9.31369884375e-005,5.03737
-9.30369884375e-005,5.04994
-9.29369884375e-005,5.03737
-9.28369884375e-005,5.03737
-9.27369884375e-005,5.03737
-9.26369884375e-005,5.02481
-9.25369884375e-005,5.02481
-9.24369884375e-005,5.03737
-9.23369884375e-005,5.03737
-9.22369884375e-005,5.03737
-9.21369884375e-005,5.01225
-9.20369884375e-005,5.04994
-9.19369884375e-005,5.01225
-9.18369884375e-005,5.0625
-9.17369884375e-005,5.03737
-9.16369884375e-005,5.02481
-9.15369884375e-005,5.0625
-9.14369884375e-005,5.02481
-9.13369884375e-005,5.03737
-9.12369884375e-005,5.01225
-9.11369884375e-005,5.02481
-9.10369884375e-005,5.02481
-9.09369884375e-005,5.01225
-9.08369884375e-005,5.01225
-9.07369884375e-005,4.99969
-9.06369884375e-005,5.03737
-9.05369884375e-005,5.02481
-9.04369884375e-005,5.01225
-9.03369884375e-005,4.99969
-9.02369884375e-005,5.02481
-9.01369884375e-005,4.99969
-9.00369884375e-005,5.02481
-8.99369884375e-005,5.03737
-8.98369884375e-005,4.99969
-8.97369884375e-005,5.02481
-8.96369884375e-005,5.03737
-8.95369884375e-005,5.01225
-8.94369884375e-005,5.01225
-8.93369884375e-005,5.01225
-8.92369884375e-005,5.01225
-8.91369884375e-005,5.04994
-8.90369884375e-005,5.02481
-8.89369884375e-005,5.01225
-8.88369884375e-005,5.03737
-8.87369884375e-005,5.02481
-8.86369884375e-005,5.03737
-8.85369884375e-005,5.03737
-8.84369884375e-005,4.99969
-8.83369884375e-005,5.03737
-8.82369884375e-005,4.99969
-8.81369884375e-005,4.99969
-8.80369884375e-005,5.02481
-8.79369884375e-005,5.03737
-8.78369884375e-005,5.01225
-8.77369884375e-005,5.02481
-8.76369884375e-005,4.99969
-8.75369884375e-005,5.02481
-8.74369884375e-005,5.02481
-8.73369884375e-005,5.01225
-8.72369884375e-005,5.02481
-8.71369884375e-005,5.04994
-8.70369884375e-005,4.98712
-8.69369884375e-005,5.01225
-8.68369884375e-005,5.01225
-8.67369884375e-005,5.01225
-8.66369884375e-005,4.99969
-8.65369884375e-005,5.01225
-8.64369884375e-005,5.02481
-8.63369884375e-005,5.02481
-8.62369884375e-005,4.99969
-8.61369884375e-005,4.99969
-8.60369884375e-005,4.99969
-8.59369884375e-005,5.02481
-8.58369884375e-005,5.01225
-8.57369884375e-005,4.99969
-8.56369884375e-005,5.01225
-8.55369884375e-005,5.01225
-8.54369884375e-005,5.02481
-8.53369884375e-005,5.01225
-8.52369884375e-005,5.02481
-8.51369884375e-005,5.02481
-8.50369884375e-005,5.02481
-8.49369884375e-005,5.03737
-8.48369884375e-005,5.01225
-8.47369884375e-005,5.01225
-8.46369884375e-005,4.99969
-8.45369884375e-005,5.02481
-8.44369884375e-005,4.99969
-8.43369884375e-005,4.99969
-8.42369884375e-005,4.98712
-8.41369884375e-005,5.01225
-8.40369884375e-005,5.02481
-8.39369884375e-005,4.99969
-8.38369884375e-005,5.01225
-8.37369884375e-005,5.02481
-8.36369884375e-005,5.01225
-8.35369884375e-005,4.97456
-8.34369884375e-005,5.01225
-8.33369884375e-005,5.02481
-8.32369884375e-005,5.01225
-8.31369884375e-005,5.03737
-8.30369884375e-005,5.02481
-8.29369884375e-005,4.99969
-8.28369884375e-005,5.02481
-8.27369884375e-005,5.02481
-8.26369884375e-005,4.99969
-8.25369884375e-005,5.01225
-8.24369884375e-005,5.03737
-8.23369884375e-005,5.01225
-8.22369884375e-005,5.03737
-8.21369884375e-005,5.01225
-8.20369884375e-005,5.01225
-8.19369884375e-005,5.03737
-8.18369884375e-005,4.97456
-8.17369884375e-005,4.99969
-8.16369884375e-005,5.02481
-8.15369884375e-005,4.98712
-8.14369884375e-005,5.01225
-8.13369884375e-005,5.01225
-8.12369884375e-005,4.99969
-8.11369884375e-005,5.01225
-8.10369884375e-005,5.03737
-8.09369884375e-005,5.02481
-8.08369884375e-005,5.02481
-8.07369884375e-005,5.04994
-8.06369884375e-005,4.97456
-8.05369884375e-005,5.03737
-8.04369884375e-005,5.02481
-8.03369884375e-005,4.99969
-8.02369884375e-005,4.97456
-8.01369884375e-005,5.02481
-8.00369884375e-005,4.99969
-7.99369884375e-005,5.02481
-7.98369884375e-005,5.01225
-7.97369884375e-005,4.99969
-7.96369884375e-005,4.98712
-7.95369884375e-005,5.02481
-7.94369884375e-005,5.01225
-7.93369884375e-005,4.99969
-7.92369884375e-005,5.02481
-7.91369884375e-005,5.01225
-7.90369884375e-005,4.98712
-7.89369884375e-005,5.01225
-7.88369884375e-005,4.98712
-7.87369884375e-005,5.02481
-7.86369884375e-005,5.01225
-7.85369884375e-005,4.99969
-7.84369884375e-005,5.01225
-7.83369884375e-005,5.02481
-7.82369884375e-005,5.01225
-7.81369884375e-005,5.02481
-7.80369884375e-005,4.98712
-7.79369884375e-005,5.01225
-7.78369884375e-005,5.01225
-7.77369884375e-005,5.02481
-7.76369884375e-005,4.99969
-7.75369884375e-005,4.99969
-7.74369884375e-005,5.01225
-7.73369884375e-005,5.01225
-7.72369884375e-005,4.98712
-7.71369884375e-005,4.97456
-7.70369884375e-005,5.01225
-7.69369884375e-005,4.97456
-7.68369884375e-005,5.01225
-7.67369884375e-005,5.01225
-7.66369884375e-005,5.03737
-7.65369884375e-005,5.01225
-7.64369884375e-005,5.02481
-7.63369884375e-005,4.99969
-7.62369884375e-005,5.02481
-7.61369884375e-005,4.99969
-7.60369884375e-005,4.99969
-7.59369884375e-005,4.97456
-7.58369884375e-005,5.01225
-7.57369884375e-005,4.99969
-7.56369884375e-005,4.98712
-7.55369884375e-005,4.99969
-7.54369884375e-005,4.99969
-7.53369884375e-005,5.02481
-7.52369884375e-005,5.01225
-7.51369884375e-005,4.98712
-7.50369884375e-005,4.99969
-7.49369884375e-005,4.99969
-7.48369884375e-005,5.03737
-7.47369884375e-005,5.02481
-7.46369884375e-005,4.99969
-7.45369884375e-005,4.99969
-7.44369884375e-005,4.99969
-7.43369884375e-005,5.01225
-7.42369884375e-005,5.01225
-7.41369884375e-005,5.01225
-7.40369884375e-005,4.99969
-7.39369884375e-005,5.01225
-7.38369884375e-005,4.99969
-7.37369884375e-005,4.97456
-7.36369884375e-005,4.99969
-7.35369884375e-005,4.99969
-7.34369884375e-005,4.99969
-7.33369884375e-005,5.02481
-7.32369884375e-005,5.01225
-7.31369884375e-005,4.99969
-7.30369884375e-005,5.01225
-7.29369884375e-005,5.02481
-7.28369884375e-005,4.98712
-7.27369884375e-005,5.01225
-7.26369884375e-005,4.99969
-7.25369884375e-005,4.98712
-7.24369884375e-005,5.04994
-7.23369884375e-005,5.02481
-7.22369884375e-005,5.02481
-7.21369884375e-005,5.02481
-7.20369884375e-005,4.99969
-7.19369884375e-005,5.03737
-7.18369884375e-005,5.01225
-7.17369884375e-005,5.01225
-7.16369884375e-005,4.98712
-7.15369884375e-005,5.01225
-7.14369884375e-005,5.01225
-7.13369884375e-005,5.01225
-7.12369884375e-005,5.01225
-7.11369884375e-005,4.99969
-7.10369884375e-005,5.02481
-7.09369884375e-005,5.02481
-7.08369884375e-005,5.02481
-7.07369884375e-005,4.99969
-7.06369884375e-005,4.99969
-7.05369884375e-005,5.03737
-7.04369884375e-005,5.01225
-7.03369884375e-005,5.02481
-7.02369884375e-005,4.99969
-7.01369884375e-005,4.98712
-7.00369884375e-005,4.98712
-6.99369884375e-005,5.01225
-6.98369884375e-005,4.99969
-6.97369884375e-005,5.03737
-6.96369884375e-005,4.98712
-6.95369884375e-005,5.01225
-6.94369884375e-005,4.99969
-6.93369884375e-005,4.99969
-6.92369884375e-005,4.99969
-6.91369884375e-005,4.99969
-6.90369884375e-005,5.01225
-6.89369884375e-005,4.99969
-6.88369884375e-005,5.02481
-6.87369884375e-005,5.02481
-6.86369884375e-005,5.04994
-6.85369884375e-005,5.01225
-6.84369884375e-005,5.01225
-6.83369884375e-005,5.01225
-6.82369884375e-005,5.02481
-6.81369884375e-005,4.99969
-6.80369884375e-005,4.98712
-6.79369884375e-005,4.98712
-6.78369884375e-005,5.01225
-6.77369884375e-005,4.99969
-6.76369884375e-005,4.99969
-6.75369884375e-005,5.01225
-6.74369884375e-005,5.01225
-6.73369884375e-005,4.98712
-6.72369884375e-005,4.99969
-6.71369884375e-005,5.02481
-6.70369884375e-005,5.02481
-6.69369884375e-005,4.97456
-6.68369884375e-005,4.99969
-6.67369884375e-005,4.99969
-6.66369884375e-005,5.01225
-6.65369884375e-005,5.03737
-6.64369884375e-005,5.01225
-6.63369884375e-005,5.02481
-6.62369884375e-005,5.01225
-6.61369884375e-005,5.01225
-6.60369884375e-005,5.01225
-6.59369884375e-005,5.02481
-6.58369884375e-005,5.02481
-6.57369884375e-005,5.03737
-6.56369884375e-005,5.01225
-6.55369884375e-005,4.98712
-6.54369884375e-005,5.02481
-6.53369884375e-005,4.98712
-6.52369884375e-005,5.02481
-6.51369884375e-005,4.98712
-6.50369884375e-005,4.99969
-6.49369884375e-005,4.99969
-6.48369884375e-005,5.02481
-6.47369884375e-005,4.97456
-6.46369884375e-005,4.99969
-6.45369884375e-005,4.98712
-6.44369884375e-005,5.03737
-6.43369884375e-005,4.99969
-6.42369884375e-005,5.01225
-6.41369884375e-005,5.02481
-6.40369884375e-005,4.99969
-6.39369884375e-005,5.01225
-6.38369884375e-005,5.03737
-6.37369884375e-005,5.01225
-6.36369884375e-005,4.98712
-6.35369884375e-005,5.01225
-6.34369884375e-005,5.02481
-6.33369884375e-005,5.03737
-6.32369884375e-005,5.04994
-6.31369884375e-005,5.01225
-6.30369884375e-005,4.97456
-6.29369884375e-005,5.02481
-6.28369884375e-005,5.01225
-6.27369884375e-005,5.03737
-6.26369884375e-005,4.99969
-6.25369884375e-005,5.02481
-6.24369884375e-005,5.03737
-6.23369884375e-005,5.01225
-6.22369884375e-005,5.03737
-6.21369884375e-005,4.99969
-6.20369884375e-005,4.99969
-6.19369884375e-005,5.04994
-6.18369884375e-005,4.99969
-6.17369884375e-005,5.03737
-6.16369884375e-005,5.02481
-6.15369884375e-005,5.02481
-6.14369884375e-005,5.02481
-6.13369884375e-005,5.03737
-6.12369884375e-005,4.99969
-6.11369884375e-005,5.01225
-6.10369884375e-005,5.02481
-6.09369884375e-005,4.97456
-6.08369884375e-005,5.01225
-6.07369884375e-005,5.01225
-6.06369884375e-005,5.01225
-6.05369884375e-005,5.02481
-6.04369884375e-005,5.01225
-6.03369884375e-005,5.01225
-6.02369884375e-005,5.01225
-6.01369884375e-005,5.03737
-6.00369884375e-005,5.03737
-5.99369884375e-005,4.98712
-5.98369884375e-005,4.99969
-5.97369884375e-005,5.01225
-5.96369884375e-005,5.01225
-5.95369884375e-005,4.98712
-5.94369884375e-005,5.03737
-5.93369884375e-005,5.02481
-5.92369884375e-005,5.01225
-5.91369884375e-005,4.98712
-5.90369884375e-005,5.01225
-5.89369884375e-005,5.01225
-5.88369884375e-005,4.98712
-5.87369884375e-005,4.99969
-5.86369884375e-005,4.98712
-5.85369884375e-005,5.01225
-5.84369884375e-005,5.01225
-5.83369884375e-005,5.04994
-5.82369884375e-005,4.99969
-5.81369884375e-005,4.99969
-5.80369884375e-005,5.02481
-5.79369884375e-005,5.02481
-5.78369884375e-005,4.99969
-5.77369884375e-005,4.99969
-5.76369884375e-005,4.97456
-5.75369884375e-005,4.99969
-5.74369884375e-005,5.01225
-5.73369884375e-005,4.99969
-5.72369884375e-005,5.01225
-5.71369884375e-005,4.98712
-5.70369884375e-005,5.01225
-5.69369884375e-005,5.03737
-5.68369884375e-005,4.98712
-5.67369884375e-005,4.99969
-5.66369884375e-005,4.97456
-5.65369884375e-005,4.97456
-5.64369884375e-005,4.98712
-5.63369884375e-005,4.99969
-5.62369884375e-005,4.98712
-5.61369884375e-005,5.02481
-5.60369884375e-005,5.01225
-5.59369884375e-005,5.03737
-5.58369884375e-005,4.99969
-5.57369884375e-005,5.02481
-5.56369884375e-005,4.98712
-5.55369884375e-005,4.99969
-5.54369884375e-005,5.01225
-5.53369884375e-005,4.98712
-5.52369884375e-005,5.01225
-5.51369884375e-005,4.98712
-5.50369884375e-005,5.02481
-5.49369884375e-005,4.98712
-5.48369884375e-005,4.99969
-5.47369884375e-005,4.97456
-5.46369884375e-005,5.02481
-5.45369884375e-005,5.02481
-5.44369884375e-005,4.97456
-5.43369884375e-005,5.01225
-5.42369884375e-005,4.98712
-5.41369884375e-005,4.98712
-5.40369884375e-005,4.99969
-5.39369884375e-005,5.02481
-5.38369884375e-005,5.01225
-5.37369884375e-005,5.01225
-5.36369884375e-005,5.01225
-5.35369884375e-005,5.02481
-5.34369884375e-005,5.03737
-5.33369884375e-005,4.99969
-5.32369884375e-005,5.01225
-5.31369884375e-005,5.01225
-5.30369884375e-005,4.99969
-5.29369884375e-005,4.98712
-5.28369884375e-005,5.02481
-5.27369884375e-005,5.01225
-5.26369884375e-005,5.01225
-5.25369884375e-005,5.01225
-5.24369884375e-005,5.01225
-5.23369884375e-005,4.99969
-5.22369884375e-005,4.98712
-5.21369884375e-005,5.01225
-5.20369884375e-005,4.99969
-5.19369884375e-005,4.98712
-5.18369884375e-005,5.01225
-5.17369884375e-005,4.98712
-5.16369884375e-005,4.97456
-5.15369884375e-005,4.99969
-5.14369884375e-005,4.99969
-5.13369884375e-005,5.01225
-5.12369884375e-005,4.99969
-5.11369884375e-005,4.99969
-5.10369884375e-005,5.01225
-5.09369884375e-005,4.99969
-5.08369884375e-005,5.01225
-5.07369884375e-005,4.99969
-5.06369884375e-005,4.962
-5.05369884375e-005,4.98712
-5.04369884375e-005,4.99969
-5.03369884375e-005,5.01225
-5.02369884375e-005,4.98712
-5.01369884375e-005,4.98712
-5.00369884375e-005,1.72079
-4.99369884375e-005,-0.100817
-4.98369884375e-005,-0.100817
-4.97369884375e-005,-0.138505
-4.96369884375e-005,-0.100817
-4.95369884375e-005,-0.113379
-4.94369884375e-005,-0.125942
-4.93369884375e-005,-0.138505
-4.92369884375e-005,-0.113379
-4.91369884375e-005,-0.138505
-4.90369884375e-005,-0.125942
-4.89369884375e-005,-0.125942
-4.88369884375e-005,-0.125942
-4.87369884375e-005,-0.113379
-4.86369884375e-005,-0.100817
-4.85369884375e-005,-0.113379
-4.84369884375e-005,-0.088254
-4.83369884375e-005,-0.100817
-4.82369884375e-005,-0.125942
-4.81369884375e-005,-0.100817
-4.80369884375e-005,-0.100817
-4.79369884375e-005,-0.088254
-4.78369884375e-005,-0.088254
-4.77369884375e-005,-0.113379
-4.76369884375e-005,-0.100817
-4.75369884375e-005,-0.100817
-4.74369884375e-005,-0.088254
-4.73369884375e-005,-0.100817
-4.72369884375e-005,-0.0631285
-4.71369884375e-005,-0.113379
-4.70369884375e-005,-0.100817
-4.69369884375e-005,-0.0631285
-4.68369884375e-005,-0.113379
-4.67369884375e-005,-0.100817
-4.66369884375e-005,-0.088254
-4.65369884375e-005,-0.0756912
-4.64369884375e-005,-0.100817
-4.63369884375e-005,-0.100817
-4.62369884375e-005,-0.088254
-4.61369884375e-005,-0.088254
-4.60369884375e-005,-0.100817
-4.59369884375e-005,-0.113379
-4.58369884375e-005,-0.100817
-4.57369884375e-005,-0.100817
-4.56369884375e-005,-0.100817
-4.55369884375e-005,-0.100817
-4.54369884375e-005,-0.100817
-4.53369884375e-005,-0.0756912
-4.52369884375e-005,-0.088254
-4.51369884375e-005,-0.113379
-4.50369884375e-005,-0.100817
-4.49369884375e-005,-0.0756912
-4.48369884375e-005,-0.100817
-4.47369884375e-005,-0.088254
-4.46369884375e-005,-0.113379
-4.45369884375e-005,-0.100817
-4.44369884375e-005,-0.088254
-4.43369884375e-005,-0.088254
-4.42369884375e-005,-0.088254
-4.41369884375e-005,-0.088254
-4.40369884375e-005,-0.0756912
-4.39369884375e-005,-0.100817
-4.38369884375e-005,-0.100817
-4.37369884375e-005,-0.100817
-4.36369884375e-005,-0.088254
-4.35369884375e-005,-0.113379
-4.34369884375e-005,-0.088254
-4.33369884375e-005,-0.088254
-4.32369884375e-005,-0.088254
-4.31369884375e-005,-0.100817
-4.30369884375e-005,-0.100817
-4.29369884375e-005,-0.0756912
-4.28369884375e-005,-0.088254
-4.27369884375e-005,-0.100817
-4.26369884375e-005,-0.100817
-4.25369884375e-005,-0.088254
-4.24369884375e-005,-0.0756912
-4.23369884375e-005,-0.088254
-4.22369884375e-005,-0.113379
-4.21369884375e-005,-0.088254
-4.20369884375e-005,-0.0756912
-4.19369884375e-005,-0.100817
-4.18369884375e-005,-0.113379
-4.17369884375e-005,-0.088254
-4.16369884375e-005,-0.113379
-4.15369884375e-005,-0.100817
-4.14369884375e-005,-0.100817
-4.13369884375e-005,-0.088254
-4.12369884375e-005,-0.0756912
-4.11369884375e-005,-0.113379
-4.10369884375e-005,-0.088254
-4.09369884375e-005,-0.100817
-4.08369884375e-005,-0.100817
-4.07369884375e-005,-0.088254
-4.06369884375e-005,-0.088254
-4.05369884375e-005,-0.113379
-4.04369884375e-005,-0.088254
-4.03369884375e-005,-0.113379
-4.02369884375e-005,-0.100817
-4.01369884375e-005,-0.088254
-4.00369884375e-005,-0.088254
-3.99369884375e-005,-0.088254
-3.98369884375e-005,-0.100817
-3.97369884375e-005,-0.088254
-3.96369884375e-005,-0.100817
-3.95369884375e-005,-0.088254
-3.94369884375e-005,-0.100817
-3.93369884375e-005,-0.088254
-3.92369884375e-005,-0.113379
-3.91369884375e-005,-0.088254
-3.90369884375e-005,-0.088254
-3.89369884375e-005,-0.100817
-3.88369884375e-005,-0.100817
-3.87369884375e-005,-0.100817
-3.86369884375e-005,-0.125942
-3.85369884375e-005,-0.100817
-3.84369884375e-005,-0.088254
-3.83369884375e-005,-0.100817
-3.82369884375e-005,-0.088254
-3.81369884375e-005,-0.100817
-3.80369884375e-005,-0.100817
-3.79369884375e-005,-0.088254
-3.78369884375e-005,-0.113379
-3.77369884375e-005,-0.088254
-3.76369884375e-005,-0.088254
-3.75369884375e-005,-0.100817
-3.74369884375e-005,-0.100817
-3.73369884375e-005,-0.113379
-3.72369884375e-005,-0.100817
-3.71369884375e-005,-0.100817
-3.70369884375e-005,-0.0756912
-3.69369884375e-005,-0.088254
-3.68369884375e-005,-0.088254
-3.67369884375e-005,-0.100817
-3.66369884375e-005,-0.100817
-3.65369884375e-005,-0.088254
-3.64369884375e-005,-0.0756912
-3.63369884375e-005,-0.100817
-3.62369884375e-005,-0.100817
-3.61369884375e-005,-0.088254
-3.60369884375e-005,-0.113379
-3.59369884375e-005,-0.113379
-3.58369884375e-005,-0.088254
-3.57369884375e-005,-0.100817
-3.56369884375e-005,-0.113379
-3.55369884375e-005,-0.088254
-3.54369884375e-005,-0.100817
-3.53369884375e-005,-0.113379
-3.52369884375e-005,-0.088254
-3.51369884375e-005,-0.100817
-3.50369884375e-005,-0.100817
-3.49369884375e-005,-0.100817
-3.48369884375e-005,-0.088254
-3.47369884375e-005,-0.088254
-3.46369884375e-005,-0.100817
-3.45369884375e-005,-0.088254
-3.44369884375e-005,-0.100817
-3.43369884375e-005,-0.0631285
-3.42369884375e-005,-0.0756912
-3.41369884375e-005,-0.088254
-3.40369884375e-005,-0.088254
-3.39369884375e-005,-0.0631285
-3.38369884375e-005,-0.100817
-3.37369884375e-005,-0.100817
-3.36369884375e-005,-0.0631285
-3.35369884375e-005,-0.0756912
-3.34369884375e-005,-0.088254
-3.33369884375e-005,-0.088254
-3.32369884375e-005,-0.088254
-3.31369884375e-005,-0.100817
-3.30369884375e-005,-0.100817
-3.29369884375e-005,-0.100817
-3.28369884375e-005,-0.088254
-3.27369884375e-005,-0.088254
-3.26369884375e-005,-0.113379
-3.25369884375e-005,-0.088254
-3.24369884375e-005,-0.088254
-3.23369884375e-005,-0.088254
-3.22369884375e-005,-0.088254
-3.21369884375e-005,-0.088254
-3.20369884375e-005,-0.100817
-3.19369884375e-005,-0.100817
-3.18369884375e-005,-0.088254
-3.17369884375e-005,-0.088254
-3.16369884375e-005,-0.088254
-3.15369884375e-005,-0.100817
-3.14369884375e-005,-0.100817
-3.13369884375e-005,-0.088254
-3.12369884375e-005,-0.088254
-3.11369884375e-005,-0.088254
-3.10369884375e-005,-0.100817
-3.09369884375e-005,-0.113379
-3.08369884375e-005,-0.0756912
-3.07369884375e-005,-0.0631285
-3.06369884375e-005,-0.088254
-3.05369884375e-005,-0.088254
-3.04369884375e-005,-0.113379
-3.03369884375e-005,-0.088254
-3.02369884375e-005,-0.100817
-3.01369884375e-005,-0.113379
-3.00369884375e-005,-0.100817
-2.99369884375e-005,-0.088254
-2.98369884375e-005,-0.088254
-2.97369884375e-005,-0.113379
-2.96369884375e-005,-0.100817
-2.95369884375e-005,-0.0631285
-2.94369884375e-005,-0.100817
-2.93369884375e-005,-0.100817
-2.92369884375e-005,-0.113379
-2.91369884375e-005,-0.100817
-2.90369884375e-005,-0.088254
-2.89369884375e-005,-0.0756912
-2.88369884375e-005,-0.0756912
-2.87369884375e-005,-0.088254
-2.86369884375e-005,-0.100817
-2.85369884375e-005,-0.088254
-2.84369884375e-005,-0.088254
-2.83369884375e-005,-0.0756912
-2.82369884375e-005,-0.0756912
-2.81369884375e-005,-0.0756912
-2.80369884375e-005,-0.100817
-2.79369884375e-005,-0.125942
-2.78369884375e-005,-0.0756912
-2.77369884375e-005,-0.088254
-2.76369884375e-005,-0.088254
-2.75369884375e-005,-0.0756912
-2.74369884375e-005,-0.0756912
-2.73369884375e-005,-0.088254
-2.72369884375e-005,-0.088254
-2.71369884375e-005,-0.088254
-2.70369884375e-005,-0.088254
-2.69369884375e-005,-0.100817
-2.68369884375e-005,-0.0756912
-2.67369884375e-005,-0.100817
-2.66369884375e-005,-0.100817
-2.65369884375e-005,-0.088254
-2.64369884375e-005,-0.0756912
-2.63369884375e-005,-0.0756912
-2.62369884375e-005,-0.0756912
-2.61369884375e-005,-0.088254
-2.60369884375e-005,-0.0756912
-2.59369884375e-005,-0.0756912
-2.58369884375e-005,-0.0505657
-2.57369884375e-005,-0.0756912
-2.56369884375e-005,-0.0756912
-2.55369884375e-005,-0.0756912
-2.54369884375e-005,-0.088254
-2.53369884375e-005,-0.0756912
-2.52369884375e-005,-0.088254
-2.51369884375e-005,-0.088254
-2.50369884375e-005,-0.088254
-2.49369884375e-005,-0.113379
-2.48369884375e-005,-0.0756912
-2.47369884375e-005,-0.0756912
-2.46369884375e-005,-0.088254
-2.45369884375e-005,-0.100817
-2.44369884375e-005,-0.088254
-2.43369884375e-005,-0.0756912
-2.42369884375e-005,-0.088254
-2.41369884375e-005,-0.088254
-2.40369884375e-005,-0.088254
-2.39369884375e-005,-0.088254
-2.38369884375e-005,-0.088254
-2.37369884375e-005,-0.100817
-2.36369884375e-005,-0.100817
-2.35369884375e-005,-0.088254
-2.34369884375e-005,-0.088254
-2.33369884375e-005,-0.088254
-2.32369884375e-005,-0.0756912
-2.31369884375e-005,-0.088254
-2.30369884375e-005,-0.100817
-2.29369884375e-005,-0.100817
-2.28369884375e-005,-0.100817
-2.27369884375e-005,-0.0756912
-2.26369884375e-005,-0.0756912
-2.25369884375e-005,-0.088254
-2.24369884375e-005,-0.100817
-2.23369884375e-005,-0.0756912
-2.22369884375e-005,-0.088254
-2.21369884375e-005,-0.088254
-2.20369884375e-005,-0.0756912
-2.19369884375e-005,-0.100817
-2.18369884375e-005,-0.113379
-2.17369884375e-005,-0.113379
-2.16369884375e-005,-0.113379
-2.15369884375e-005,-0.088254
-2.14369884375e-005,-0.0756912
-2.13369884375e-005,-0.0756912
-2.12369884375e-005,-0.0756912
-2.11369884375e-005,-0.0756912
-2.10369884375e-005,-0.100817
-2.09369884375e-005,-0.088254
-2.08369884375e-005,-0.088254
-2.07369884375e-005,-0.0756912
-2.06369884375e-005,-0.113379
-2.05369884375e-005,-0.088254
-2.04369884375e-005,-0.100817
-2.03369884375e-005,-0.088254
-2.02369884375e-005,-0.0756912
-2.01369884375e-005,-0.100817
-2.00369884375e-005,-0.0756912
-1.99369884375e-005,-0.088254
-1.98369884375e-005,-0.088254
-1.97369884375e-005,-0.0756912
-1.96369884375e-005,-0.088254
-1.95369884375e-005,-0.0631285
-1.94369884375e-005,-0.0756912
-1.93369884375e-005,-0.100817
-1.92369884375e-005,-0.0756912
-1.91369884375e-005,-0.088254
-1.90369884375e-005,-0.088254
-1.89369884375e-005,-0.088254
-1.88369884375e-005,-0.0756912
-1.87369884375e-005,-0.100817
-1.86369884375e-005,-0.100817
-1.85369884375e-005,-0.088254
-1.84369884375e-005,-0.088254
-1.83369884375e-005,-0.0756912
-1.82369884375e-005,-0.0756912
-1.81369884375e-005,-0.088254
-1.80369884375e-005,-0.088254
-1.79369884375e-005,-0.088254
-1.78369884375e-005,-0.088254
-1.77369884375e-005,-0.088254
-1.76369884375e-005,-0.113379
-1.75369884375e-005,-0.088254
-1.74369884375e-005,-0.0756912
-1.73369884375e-005,-0.0631285
-1.72369884375e-005,-0.0756912
-1.71369884375e-005,-0.100817
-1.70369884375e-005,-0.088254
-1.69369884375e-005,-0.0756912
-1.68369884375e-005,-0.100817
-1.67369884375e-005,-0.0756912
-1.66369884375e-005,-0.113379
-1.65369884375e-005,-0.088254
-1.64369884375e-005,-0.0756912
-1.63369884375e-005,-0.088254
-1.62369884375e-005,-0.088254
-1.61369884375e-005,-0.0631285
-1.60369884375e-005,-0.100817
-1.59369884375e-005,-0.088254
-1.58369884375e-005,-0.088254
-1.57369884375e-005,-0.0631285
-1.56369884375e-005,-0.0756912
-1.55369884375e-005,-0.0756912
-1.54369884375e-005,-0.0505657
-1.53369884375e-005,-0.088254
-1.52369884375e-005,-0.088254
-1.51369884375e-005,-0.088254
-1.50369884375e-005,-0.0631285
-1.49369884375e-005,-0.088254
-1.48369884375e-005,-0.0756912
-1.47369884375e-005,-0.100817
-1.46369884375e-005,-0.088254
-1.45369884375e-005,-0.0631285
-1.44369884375e-005,-0.0756912
-1.43369884375e-005,-0.0756912
-1.42369884375e-005,-0.0756912
-1.41369884375e-005,-0.088254
-1.40369884375e-005,-0.0756912
-1.39369884375e-005,-0.088254
-1.38369884375e-005,-0.0756912
-1.37369884375e-005,-0.0756912
-1.36369884375e-005,-0.100817
-1.35369884375e-005,-0.088254
-1.34369884375e-005,-0.100817
-1.33369884375e-005,-0.088254
-1.32369884375e-005,-0.088254
-1.31369884375e-005,-0.088254
-1.30369884375e-005,-0.113379
-1.29369884375e-005,-0.0505657
-1.28369884375e-005,-0.0756912
-1.27369884375e-005,-0.0756912
-1.26369884375e-005,-0.088254
-1.25369884375e-005,-0.0756912
-1.24369884375e-005,-0.0631285
-1.23369884375e-005,-0.0756912
-1.22369884375e-005,-0.0756912
-1.21369884375e-005,-0.088254
-1.20369884375e-005,-0.100817
-1.19369884375e-005,-0.100817
-1.18369884375e-005,-0.0756912
-1.17369884375e-005,-0.0756912
-1.16369884375e-005,-0.088254
-1.15369884375e-005,-0.113379
-1.14369884375e-005,-0.0756912
-1.13369884375e-005,-0.0756912
-1.12369884375e-005,-0.088254
-1.11369884375e-005,-0.0756912
-1.10369884375e-005,-0.0631285
-1.09369884375e-005,-0.100817
-1.08369884375e-005,-0.088254
-1.07369884375e-005,-0.100817
-1.06369884375e-005,-0.088254
-1.05369884375e-005,-0.088254
-1.04369884375e-005,-0.0756912
-1.03369884375e-005,-0.088254
-1.02369884375e-005,-0.088254
-1.01369884375e-005,-0.088254
-1.00369884375e-005,-0.0756912
-9.9369884375e-006,-0.088254
-9.8369884375e-006,-0.0756912
-9.7369884375e-006,-0.0756912
-9.6369884375e-006,-0.0631285
-9.5369884375e-006,-0.088254
-9.4369884375e-006,-0.0756912
-9.3369884375e-006,-0.0756912
-9.2369884375e-006,-0.088254
-9.1369884375e-006,-0.088254
-9.0369884375e-006,-0.0756912
-8.9369884375e-006,-0.0756912
-8.8369884375e-006,-0.088254
-8.7369884375e-006,-0.0756912
-8.6369884375e-006,-0.100817
-8.5369884375e-006,-0.088254
-8.4369884375e-006,-0.0756912
-8.3369884375e-006,-0.088254
-8.2369884375e-006,-0.0756912
-8.1369884375e-006,-0.088254
-8.0369884375e-006,-0.100817
-7.9369884375e-006,-0.088254
-7.8369884375e-006,-0.0756912
-7.7369884375e-006,-0.0756912
-7.6369884375e-006,-0.088254
-7.5369884375e-006,-0.0756912
-7.4369884375e-006,-0.0631285
-7.3369884375e-006,-0.0756912
-7.2369884375e-006,-0.088254
-7.1369884375e-006,-0.0756912
-7.0369884375e-006,-0.0756912
-6.9369884375e-006,-0.0756912
-6.8369884375e-006,-0.100817
-6.7369884375e-006,-0.088254
-6.6369884375e-006,-0.100817
-6.5369884375e-006,-0.088254
-6.4369884375e-006,-0.100817
-6.3369884375e-006,-0.088254
-6.2369884375e-006,-0.088254
-6.1369884375e-006,-0.088254
-6.0369884375e-006,-0.088254
-5.9369884375e-006,-0.0756912
-5.8369884375e-006,-0.100817
-5.7369884375e-006,-0.100817
-5.6369884375e-006,-0.100817
-5.5369884375e-006,-0.088254
-5.4369884375e-006,-0.0756912
-5.3369884375e-006,-0.0756912
-5.2369884375e-006,-0.088254
-5.1369884375e-006,-0.0631285
-5.0369884375e-006,-0.088254
-4.9369884375e-006,-0.100817
-4.8369884375e-006,-0.0756912
-4.7369884375e-006,-0.088254
-4.6369884375e-006,-0.088254
-4.5369884375e-006,-0.088254
-4.4369884375e-006,-0.088254
-4.3369884375e-006,-0.100817
-4.2369884375e-006,-0.088254
-4.1369884375e-006,-0.113379
-4.0369884375e-006,-0.113379
-3.9369884375e-006,-0.088254
-3.8369884375e-006,-0.0631285
-3.7369884375e-006,-0.088254
-3.6369884375e-006,-0.0756912
-3.5369884375e-006,-0.0756912
-3.4369884375e-006,-0.088254
-3.3369884375e-006,-0.0756912
-3.2369884375e-006,-0.0756912
-3.1369884375e-006,-0.088254
-3.0369884375e-006,-0.088254
-2.9369884375e-006,-0.0631285
-2.8369884375e-006,-0.088254
-2.7369884375e-006,-0.0756912
-2.6369884375e-006,-0.100817
-2.5369884375e-006,-0.0631285
-2.4369884375e-006,-0.0505657
-2.3369884375e-006,-0.088254
-2.2369884375e-006,-0.088254
-2.1369884375e-006,-0.088254
-2.0369884375e-006,-0.088254
-1.9369884375e-006,-0.0756912
-1.8369884375e-006,-0.0756912
-1.7369884375e-006,-0.0756912
-1.6369884375e-006,-0.0756912
-1.5369884375e-006,-0.088254
-1.4369884375e-006,-0.088254
-1.3369884375e-006,-0.0631285
-1.2369884375e-006,-0.0756912
-1.1369884375e-006,-0.088254
-1.0369884375e-006,-0.100817
-9.369884375e-007,-0.088254
-8.369884375e-007,-0.088254
-7.369884375e-007,-0.088254
-6.369884375e-007,-0.088254
-5.369884375e-007,-0.0756912
-4.369884375e-007,-0.088254
-3.369884375e-007,-0.113379
-2.369884375e-007,-0.088254
-1.369884375e-007,-0.100817
-3.69884375e-008,3.17808
6.30115625e-008,4.99969
1.630115625e-007,4.99969
2.630115625e-007,5.02481
3.630115625e-007,5.0625
4.630115625e-007,5.08763
5.630115625e-007,5.07506
6.630115625e-007,5.0625
7.630115625e-007,5.07506
8.630115625e-007,5.0625
9.630115625e-007,5.04994
1.0630115625e-006,5.0625
1.1630115625e-006,5.04994
1.2630115625e-006,5.0625
1.3630115625e-006,5.0625
1.4630115625e-006,5.03737
1.5630115625e-006,5.03737
1.6630115625e-006,5.02481
1.7630115625e-006,5.01225
1.8630115625e-006,4.98712
1.9630115625e-006,5.02481
2.0630115625e-006,5.04994
2.1630115625e-006,5.03737
2.2630115625e-006,5.03737
2.3630115625e-006,5.03737
2.4630115625e-006,5.02481
2.5630115625e-006,4.99969
2.6630115625e-006,5.01225
2.7630115625e-006,5.01225
2.8630115625e-006,4.99969
2.9630115625e-006,4.99969
3.0630115625e-006,5.02481
3.1630115625e-006,4.98712
3.2630115625e-006,5.02481
3.3630115625e-006,5.04994
3.4630115625e-006,5.03737
3.5630115625e-006,4.98712
3.6630115625e-006,4.99969
3.7630115625e-006,4.99969
3.8630115625e-006,4.99969
3.9630115625e-006,5.01225
4.0630115625e-006,4.99969
4.1630115625e-006,4.98712
4.2630115625e-006,5.03737
4.3630115625e-006,5.01225
4.4630115625e-006,5.03737
4.5630115625e-006,5.01225
4.6630115625e-006,5.01225
4.7630115625e-006,5.03737
4.8630115625e-006,5.02481
4.9630115625e-006,5.04994
5.0630115625e-006,5.03737
5.1630115625e-006,5.04994
5.2630115625e-006,5.04994
5.3630115625e-006,5.01225
5.4630115625e-006,5.01225
5.5630115625e-006,4.99969
5.6630115625e-006,5.02481
5.7630115625e-006,5.02481
5.8630115625e-006,5.01225
5.9630115625e-006,5.02481
6.0630115625e-006,5.02481
6.1630115625e-006,4.99969
6.2630115625e-006,5.04994
6.3630115625e-006,4.98712
6.4630115625e-006,4.99969
6.5630115625e-006,5.01225
6.6630115625e-006,5.01225
6.7630115625e-006,5.02481
6.8630115625e-006,5.01225
6.9630115625e-006,5.03737
7.0630115625e-006,5.01225
7.1630115625e-006,5.01225
7.2630115625e-006,5.01225
7.3630115625e-006,5.02481
7.4630115625e-006,5.02481
7.5630115625e-006,4.99969
7.6630115625e-006,5.01225
7.7630115625e-006,4.99969
7.8630115625e-006,5.02481
7.9630115625e-006,5.01225
8.0630115625e-006,4.98712
8.1630115625e-006,5.01225
8.2630115625e-006,5.01225
8.3630115625e-006,5.01225
8.4630115625e-006,5.01225
8.5630115625e-006,5.04994
8.6630115625e-006,5.01225
8.7630115625e-006,5.01225
8.8630115625e-006,4.99969
8.9630115625e-006,5.01225
9.0630115625e-006,5.04994
9.1630115625e-006,5.03737
9.2630115625e-006,4.99969
9.3630115625e-006,5.01225
9.4630115625e-006,4.99969
9.5630115625e-006,4.98712
9.6630115625e-006,5.01225
9.7630115625e-006,5.03737
9.8630115625e-006,5.01225
9.9630115625e-006,5.03737
1.00630115625e-005,5.02481
1.01630115625e-005,5.04994
1.02630115625e-005,5.01225
1.03630115625e-005,5.02481
1.04630115625e-005,5.01225
1.05630115625e-005,5.02481
1.06630115625e-005,5.01225
1.07630115625e-005,4.99969
1.08630115625e-005,4.98712
1.09630115625e-005,5.03737
1.10630115625e-005,5.02481
1.11630115625e-005,5.01225
1.12630115625e-005,5.03737
1.13630115625e-005,5.02481
1.14630115625e-005,5.02481
1.15630115625e-005,5.03737
1.16630115625e-005,5.02481
1.17630115625e-005,5.02481
1.18630115625e-005,4.98712
1.19630115625e-005,4.99969
1.20630115625e-005,5.02481
1.21630115625e-005,5.01225
1.22630115625e-005,5.01225
1.23630115625e-005,5.01225
1.24630115625e-005,5.02481
1.25630115625e-005,5.01225
1.26630115625e-005,4.99969
1.27630115625e-005,5.01225
1.28630115625e-005,5.01225
1.29630115625e-005,5.01225
1.30630115625e-005,4.99969
1.31630115625e-005,5.01225
1.32630115625e-005,5.01225
1.33630115625e-005,4.99969
1.34630115625e-005,4.98712
1.35630115625e-005,4.99969
1.36630115625e-005,4.98712
1.37630115625e-005,5.01225
1.38630115625e-005,4.99969
1.39630115625e-005,5.02481
1.40630115625e-005,5.01225
1.41630115625e-005,4.98712
1.42630115625e-005,4.98712
1.43630115625e-005,5.01225
1.44630115625e-005,4.99969
1.45630115625e-005,5.01225
1.46630115625e-005,5.01225
1.47630115625e-005,4.99969
1.48630115625e-005,5.01225
1.49630115625e-005,5.01225
1.50630115625e-005,5.02481
1.51630115625e-005,4.97456
1.52630115625e-005,5.01225
1.53630115625e-005,5.01225
1.54630115625e-005,5.01225
1.55630115625e-005,5.01225
1.56630115625e-005,5.01225
1.57630115625e-005,5.01225
1.58630115625e-005,5.04994
1.59630115625e-005,5.01225
1.60630115625e-005,4.99969
1.61630115625e-005,5.01225
1.62630115625e-005,4.99969
1.63630115625e-005,5.03737
1.64630115625e-005,4.98712
1.65630115625e-005,5.02481
1.66630115625e-005,4.99969
1.67630115625e-005,5.01225
1.68630115625e-005,5.01225
1.69630115625e-005,4.99969
1.70630115625e-005,4.97456
1.71630115625e-005,4.99969
1.72630115625e-005,5.02481
1.73630115625e-005,4.99969
1.74630115625e-005,5.01225
1.75630115625e-005,5.03737
1.76630115625e-005,5.03737
1.77630115625e-005,5.01225
1.78630115625e-005,5.01225
1.79630115625e-005,5.03737
1.80630115625e-005,4.99969
1.81630115625e-005,4.98712
1.82630115625e-005,5.01225
1.83630115625e-005,5.02481
1.84630115625e-005,4.98712
1.85630115625e-005,5.03737
1.86630115625e-005,4.98712
1.87630115625e-005,4.99969
1.88630115625e-005,4.98712
1.89630115625e-005,4.98712
1.90630115625e-005,4.98712
1.91630115625e-005,4.98712
1.92630115625e-005,5.02481
1.93630115625e-005,5.01225
1.94630115625e-005,5.01225
1.95630115625e-005,5.01225
1.96630115625e-005,4.98712
1.97630115625e-005,4.99969
1.98630115625e-005,5.03737
1.99630115625e-005,4.99969
2.00630115625e-005,5.01225
2.01630115625e-005,5.01225
2.02630115625e-005,5.01225
2.03630115625e-005,4.97456
2.04630115625e-005,5.03737
2.05630115625e-005,5.03737
2.06630115625e-005,4.99969
2.07630115625e-005,4.99969
2.08630115625e-005,4.99969
2.09630115625e-005,5.01225
2.10630115625e-005,5.02481
2.11630115625e-005,5.02481
2.12630115625e-005,4.99969
2.13630115625e-005,5.01225
2.14630115625e-005,5.01225
2.15630115625e-005,5.01225
2.16630115625e-005,5.02481
2.17630115625e-005,5.03737
2.18630115625e-005,5.01225
2.19630115625e-005,5.01225
2.20630115625e-005,5.02481
2.21630115625e-005,5.01225
2.22630115625e-005,5.02481
2.23630115625e-005,5.03737
2.24630115625e-005,5.01225
2.25630115625e-005,4.98712
2.26630115625e-005,5.02481
2.27630115625e-005,5.02481
2.28630115625e-005,4.99969
2.29630115625e-005,5.02481
2.30630115625e-005,5.01225
2.31630115625e-005,4.98712
2.32630115625e-005,5.01225
2.33630115625e-005,5.01225
2.34630115625e-005,5.02481
2.35630115625e-005,4.99969
2.36630115625e-005,5.01225
2.37630115625e-005,5.01225
2.38630115625e-005,5.02481
2.39630115625e-005,5.01225
2.40630115625e-005,4.99969
2.41630115625e-005,4.98712
2.42630115625e-005,4.98712
2.43630115625e-005,5.01225
2.44630115625e-005,4.99969
2.45630115625e-005,5.02481
2.46630115625e-005,4.98712
2.47630115625e-005,4.98712
2.48630115625e-005,5.02481
2.49630115625e-005,4.97456
2.50630115625e-005,4.99969
2.51630115625e-005,5.01225
2.52630115625e-005,4.97456
2.53630115625e-005,5.01225
2.54630115625e-005,4.99969
2.55630115625e-005,5.01225
2.56630115625e-005,5.01225
2.57630115625e-005,5.01225
2.58630115625e-005,5.01225
2.59630115625e-005,5.02481
2.60630115625e-005,4.98712
2.61630115625e-005,4.99969
2.62630115625e-005,4.99969
2.63630115625e-005,4.99969
2.64630115625e-005,5.01225
2.65630115625e-005,4.97456
2.66630115625e-005,4.99969
2.67630115625e-005,5.01225
2.68630115625e-005,4.98712
2.69630115625e-005,4.98712
2.70630115625e-005,4.97456
2.71630115625e-005,5.02481
2.72630115625e-005,4.98712
2.73630115625e-005,4.98712
2.74630115625e-005,4.99969
2.75630115625e-005,5.01225
2.76630115625e-005,4.99969
2.77630115625e-005,4.97456
2.78630115625e-005,5.01225
2.79630115625e-005,5.02481
2.80630115625e-005,5.02481
2.81630115625e-005,4.99969
2.82630115625e-005,5.01225
2.83630115625e-005,5.04994
2.84630115625e-005,5.01225
2.85630115625e-005,5.03737
2.86630115625e-005,4.98712
2.87630115625e-005,5.02481
2.88630115625e-005,5.03737
2.89630115625e-005,5.01225
2.90630115625e-005,5.01225
2.91630115625e-005,5.01225
2.92630115625e-005,4.99969
2.93630115625e-005,5.02481
2.94630115625e-005,5.03737
2.95630115625e-005,4.98712
2.96630115625e-005,5.01225
2.97630115625e-005,4.99969
2.98630115625e-005,4.98712
2.99630115625e-005,4.98712
3.00630115625e-005,4.99969
3.01630115625e-005,5.02481
3.02630115625e-005,5.01225
3.03630115625e-005,4.98712
3.04630115625e-005,5.02481
3.05630115625e-005,4.98712
3.06630115625e-005,4.98712
3.07630115625e-005,4.98712
3.08630115625e-005,4.99969
3.09630115625e-005,4.98712
3.10630115625e-005,4.99969
3.11630115625e-005,4.99969
3.12630115625e-005,4.99969
3.13630115625e-005,5.01225
3.14630115625e-005,5.01225
3.15630115625e-005,5.04994
3.16630115625e-005,4.99969
3.17630115625e-005,5.02481
3.18630115625e-005,5.01225
3.19630115625e-005,5.03737
3.20630115625e-005,5.01225
3.21630115625e-005,5.02481
3.22630115625e-005,5.01225
3.23630115625e-005,4.99969
3.24630115625e-005,4.98712
3.25630115625e-005,4.99969
3.26630115625e-005,5.02481
3.27630115625e-005,4.99969
3.28630115625e-005,4.98712
3.29630115625e-005,5.01225
3.30630115625e-005,4.99969
3.31630115625e-005,4.98712
3.32630115625e-005,5.01225
3.33630115625e-005,5.03737
3.34630115625e-005,5.01225
3.35630115625e-005,4.99969
3.36630115625e-005,4.99969
3.37630115625e-005,4.99969
3.38630115625e-005,4.99969
3.39630115625e-005,4.97456
3.40630115625e-005,5.01225
3.41630115625e-005,5.02481
3.42630115625e-005,4.99969
3.43630115625e-005,4.99969
3.44630115625e-005,4.97456
3.45630115625e-005,5.02481
3.46630115625e-005,5.01225
3.47630115625e-005,4.98712
3.48630115625e-005,5.03737
3.49630115625e-005,5.01225
3.50630115625e-005,5.01225
3.51630115625e-005,5.01225
3.52630115625e-005,5.02481
3.53630115625e-005,4.99969
3.54630115625e-005,5.01225
3.55630115625e-005,4.97456
3.56630115625e-005,4.98712
3.57630115625e-005,5.01225
3.58630115625e-005,5.02481
3.59630115625e-005,4.99969
3.60630115625e-005,4.99969
3.61630115625e-005,4.97456
3.62630115625e-005,4.98712
3.63630115625e-005,4.99969
3.64630115625e-005,5.01225
3.65630115625e-005,5.01225
3.66630115625e-005,4.98712
3.67630115625e-005,4.98712
3.68630115625e-005,4.99969
3.69630115625e-005,4.98712
3.70630115625e-005,5.02481
3.71630115625e-005,4.99969
3.72630115625e-005,4.98712
3.73630115625e-005,4.98712
3.74630115625e-005,4.97456
3.75630115625e-005,4.98712
3.76630115625e-005,4.98712
3.77630115625e-005,5.03737
3.78630115625e-005,5.03737
3.79630115625e-005,4.99969
3.80630115625e-005,4.99969
3.81630115625e-005,5.02481
3.82630115625e-005,4.98712
3.83630115625e-005,4.99969
3.84630115625e-005,5.01225
3.85630115625e-005,5.02481
3.86630115625e-005,5.01225
3.87630115625e-005,5.01225
3.88630115625e-005,4.98712
3.89630115625e-005,4.99969
3.90630115625e-005,4.98712
3.91630115625e-005,4.98712
3.92630115625e-005,4.99969
3.93630115625e-005,5.03737
3.94630115625e-005,5.02481
3.95630115625e-005,5.02481
3.96630115625e-005,4.98712
3.97630115625e-005,5.02481
3.98630115625e-005,5.01225
3.99630115625e-005,5.02481
4.00630115625e-005,5.01225
4.01630115625e-005,4.98712
4.02630115625e-005,4.99969
4.03630115625e-005,5.01225
4.04630115625e-005,4.99969
4.05630115625e-005,4.99969
4.06630115625e-005,5.01225
4.07630115625e-005,4.99969
4.08630115625e-005,4.98712
4.09630115625e-005,4.98712
4.10630115625e-005,5.01225
4.11630115625e-005,4.99969
4.12630115625e-005,4.99969
4.13630115625e-005,4.98712
4.14630115625e-005,4.98712
4.15630115625e-005,5.02481
4.16630115625e-005,4.99969
4.17630115625e-005,5.01225
4.18630115625e-005,4.98712
4.19630115625e-005,4.98712
4.20630115625e-005,4.99969
4.21630115625e-005,4.99969
4.22630115625e-005,4.99969
4.23630115625e-005,4.97456
4.24630115625e-005,4.99969
4.25630115625e-005,4.99969
4.26630115625e-005,4.97456
4.27630115625e-005,5.01225
4.28630115625e-005,4.98712
4.29630115625e-005,4.99969
4.30630115625e-005,5.02481
4.31630115625e-005,5.03737
4.32630115625e-005,4.99969
4.33630115625e-005,4.99969
4.34630115625e-005,4.99969
4.35630115625e-005,4.98712
4.36630115625e-005,4.99969
4.37630115625e-005,5.03737
4.38630115625e-005,5.02481
4.39630115625e-005,4.99969
4.40630115625e-005,4.99969
4.41630115625e-005,4.99969
4.42630115625e-005,5.01225
4.43630115625e-005,4.99969
4.44630115625e-005,4.98712
4.45630115625e-005,5.01225
4.46630115625e-005,4.98712
4.47630115625e-005,5.01225
4.48630115625e-005,4.99969
4.49630115625e-005,4.99969
4.50630115625e-005,4.98712
4.51630115625e-005,4.98712
4.52630115625e-005,5.01225
4.53630115625e-005,4.99969
4.54630115625e-005,4.97456
4.55630115625e-005,5.01225
4.56630115625e-005,5.02481
4.57630115625e-005,5.02481
4.58630115625e-005,4.99969
4.59630115625e-005,4.98712
4.60630115625e-005,5.01225
4.61630115625e-005,4.98712
4.62630115625e-005,4.99969
4.63630115625e-005,5.01225
4.64630115625e-005,5.01225
4.65630115625e-005,4.99969
4.66630115625e-005,5.01225
4.67630115625e-005,5.03737
4.68630115625e-005,4.99969
4.69630115625e-005,4.99969
4.70630115625e-005,4.99969
4.71630115625e-005,5.02481
4.72630115625e-005,5.01225
4.73630115625e-005,5.01225
4.74630115625e-005,4.98712
4.75630115625e-005,5.01225
4.76630115625e-005,4.99969
4.77630115625e-005,4.97456
4.78630115625e-005,4.99969
4.79630115625e-005,4.97456
4.80630115625e-005,4.99969
4.81630115625e-005,5.01225
4.82630115625e-005,4.99969
4.83630115625e-005,4.98712
4.84630115625e-005,4.98712
4.85630115625e-005,4.99969
4.86630115625e-005,5.01225
4.87630115625e-005,4.99969
4.88630115625e-005,5.02481
4.89630115625e-005,5.01225
4.90630115625e-005,4.99969
4.91630115625e-005,4.98712
4.92630115625e-005,4.99969
4.93630115625e-005,4.98712
4.94630115625e-005,5.01225
4.95630115625e-005,5.02481
4.96630115625e-005,5.02481
4.97630115625e-005,4.98712
4.98630115625e-005,5.02481
4.99630115625e-005,1.74592
5.00630115625e-005,-0.088254
5.01630115625e-005,-0.113379
5.02630115625e-005,-0.113379
5.03630115625e-005,-0.113379
5.04630115625e-005,-0.125942
5.05630115625e-005,-0.138505
5.06630115625e-005,-0.125942
5.07630115625e-005,-0.138505
5.08630115625e-005,-0.138505
5.09630115625e-005,-0.113379
5.10630115625e-005,-0.125942
5.11630115625e-005,-0.113379
5.12630115625e-005,-0.113379
5.13630115625e-005,-0.113379
5.14630115625e-005,-0.113379
5.15630115625e-005,-0.113379
5.16630115625e-005,-0.125942
5.17630115625e-005,-0.113379
5.18630115625e-005,-0.113379
5.19630115625e-005,-0.100817
5.20630115625e-005,-0.100817
5.21630115625e-005,-0.100817
5.22630115625e-005,-0.100817
5.23630115625e-005,-0.100817
5.24630115625e-005,-0.100817
5.25630115625e-005,-0.100817
5.26630115625e-005,-0.100817
5.27630115625e-005,-0.100817
5.28630115625e-005,-0.100817
5.29630115625e-005,-0.100817
5.30630115625e-005,-0.100817
5.31630115625e-005,-0.088254
5.32630115625e-005,-0.100817
5.33630115625e-005,-0.113379
5.34630115625e-005,-0.100817
5.35630115625e-005,-0.113379
5.36630115625e-005,-0.088254
5.37630115625e-005,-0.088254
5.38630115625e-005,-0.088254
5.39630115625e-005,-0.113379
5.40630115625e-005,-0.088254
5.41630115625e-005,-0.100817
5.42630115625e-005,-0.0756912
5.43630115625e-005,-0.0756912
5.44630115625e-005,-0.100817
5.45630115625e-005,-0.100817
5.46630115625e-005,-0.088254
5.47630115625e-005,-0.088254
5.48630115625e-005,-0.0756912
5.49630115625e-005,-0.100817
5.50630115625e-005,-0.100817
5.51630115625e-005,-0.088254
5.52630115625e-005,-0.100817
5.53630115625e-005,-0.113379
5.54630115625e-005,-0.088254
5.55630115625e-005,-0.088254
5.56630115625e-005,-0.088254
5.57630115625e-005,-0.113379
5.58630115625e-005,-0.100817
5.59630115625e-005,-0.0756912
5.60630115625e-005,-0.100817
5.61630115625e-005,-0.100817
5.62630115625e-005,-0.100817
5.63630115625e-005,-0.100817
5.64630115625e-005,-0.100817
5.65630115625e-005,-0.088254
5.66630115625e-005,-0.088254
5.67630115625e-005,-0.100817
5.68630115625e-005,-0.088254
5.69630115625e-005,-0.088254
5.70630115625e-005,-0.100817
5.71630115625e-005,-0.088254
5.72630115625e-005,-0.138505
5.73630115625e-005,-0.100817
5.74630115625e-005,-0.0756912
5.75630115625e-005,-0.100817
5.76630115625e-005,-0.0756912
5.77630115625e-005,-0.0756912
5.78630115625e-005,-0.088254
5.79630115625e-005,-0.113379
5.80630115625e-005,-0.088254
5.81630115625e-005,-0.088254
5.82630115625e-005,-0.100817
5.83630115625e-005,-0.088254
5.84630115625e-005,-0.100817
5.85630115625e-005,-0.088254
5.86630115625e-005,-0.0756912
5.87630115625e-005,-0.088254
5.88630115625e-005,-0.125942
5.89630115625e-005,-0.088254
5.90630115625e-005,-0.100817
5.91630115625e-005,-0.0756912
5.92630115625e-005,-0.100817
5.93630115625e-005,-0.100817
5.94630115625e-005,-0.100817
5.95630115625e-005,-0.113379
5.96630115625e-005,-0.088254
5.97630115625e-005,-0.088254
5.98630115625e-005,-0.100817
5.99630115625e-005,-0.088254
6.00630115625e-005,-0.088254
6.01630115625e-005,-0.100817
6.02630115625e-005,-0.088254
6.03630115625e-005,-0.100817
6.04630115625e-005,-0.088254
6.05630115625e-005,-0.088254
6.06630115625e-005,-0.100817
6.07630115625e-005,-0.113379
6.08630115625e-005,-0.100817
6.09630115625e-005,-0.100817
6.10630115625e-005,-0.100817
6.11630115625e-005,-0.088254
6.12630115625e-005,-0.088254
6.13630115625e-005,-0.100817
6.14630115625e-005,-0.088254
6.15630115625e-005,-0.100817
6.16630115625e-005,-0.0756912
6.17630115625e-005,-0.100817
6.18630115625e-005,-0.0756912
6.19630115625e-005,-0.100817
6.20630115625e-005,-0.100817
6.21630115625e-005,-0.100817
6.22630115625e-005,-0.088254
6.23630115625e-005,-0.100817
6.24630115625e-005,-0.100817
6.25630115625e-005,-0.088254
6.26630115625e-005,-0.100817
6.27630115625e-005,-0.0756912
6.28630115625e-005,-0.100817
6.29630115625e-005,-0.088254
6.30630115625e-005,-0.088254
6.31630115625e-005,-0.0631285
6.32630115625e-005,-0.088254
6.33630115625e-005,-0.088254
6.34630115625e-005,-0.088254
6.35630115625e-005,-0.0505657
6.36630115625e-005,-0.0756912
6.37630115625e-005,-0.088254
6.38630115625e-005,-0.0756912
6.39630115625e-005,-0.088254
6.40630115625e-005,-0.100817
6.41630115625e-005,-0.088254
6.42630115625e-005,-0.0756912
6.43630115625e-005,-0.0631285
6.44630115625e-005,-0.100817
6.45630115625e-005,-0.088254
6.46630115625e-005,-0.088254
6.47630115625e-005,-0.0756912
6.48630115625e-005,-0.100817
6.49630115625e-005,-0.088254
6.50630115625e-005,-0.100817
6.51630115625e-005,-0.0631285
6.52630115625e-005,-0.0631285
6.53630115625e-005,-0.0756912
6.54630115625e-005,-0.088254
6.55630115625e-005,-0.0756912
6.56630115625e-005,-0.100817
6.57630115625e-005,-0.100817
6.58630115625e-005,-0.088254
6.59630115625e-005,-0.100817
6.60630115625e-005,-0.0756912
6.61630115625e-005,-0.088254
6.62630115625e-005,-0.100817
6.63630115625e-005,-0.088254
6.64630115625e-005,-0.100817
6.65630115625e-005,-0.0756912
6.66630115625e-005,-0.113379
6.67630115625e-005,-0.088254
6.68630115625e-005,-0.088254
6.69630115625e-005,-0.113379
6.70630115625e-005,-0.088254
6.71630115625e-005,-0.088254
6.72630115625e-005,-0.088254
6.73630115625e-005,-0.088254
6.74630115625e-005,-0.100817
6.75630115625e-005,-0.0756912
6.76630115625e-005,-0.088254
6.77630115625e-005,-0.088254
6.78630115625e-005,-0.0756912
6.79630115625e-005,-0.088254
6.80630115625e-005,-0.0756912
6.81630115625e-005,-0.088254
6.82630115625e-005,-0.100817
6.83630115625e-005,-0.088254
6.84630115625e-005,-0.113379
6.85630115625e-005,-0.0756912
6.86630115625e-005,-0.088254
6.87630115625e-005,-0.0631285
6.88630115625e-005,-0.088254
6.89630115625e-005,-0.0756912
6.90630115625e-005,-0.088254
6.91630115625e-005,-0.0631285
6.92630115625e-005,-0.0756912
6.93630115625e-005,-0.0756912
6.94630115625e-005,-0.088254
6.95630115625e-005,-0.088254
6.96630115625e-005,-0.0631285
6.97630115625e-005,-0.088254
6.98630115625e-005,-0.088254
6.99630115625e-005,-0.088254
7.00630115625e-005,-0.0756912
7.01630115625e-005,-0.0756912
7.02630115625e-005,-0.100817
7.03630115625e-005,-0.0756912
7.04630115625e-005,-0.0756912
7.05630115625e-005,-0.0631285
7.06630115625e-005,-0.0756912
7.07630115625e-005,-0.100817
7.08630115625e-005,-0.100817
7.09630115625e-005,-0.088254
7.10630115625e-005,-0.088254
7.11630115625e-005,-0.0631285
7.12630115625e-005,-0.088254
7.13630115625e-005,-0.088254
7.14630115625e-005,-0.0756912
7.15630115625e-005,-0.088254
7.16630115625e-005,-0.088254
7.17630115625e-005,-0.100817
7.18630115625e-005,-0.100817
7.19630115625e-005,-0.100817
7.20630115625e-005,-0.088254
7.21630115625e-005,-0.0631285
7.22630115625e-005,-0.088254
7.23630115625e-005,-0.100817
7.24630115625e-005,-0.088254
7.25630115625e-005,-0.088254
7.26630115625e-005,-0.088254
7.27630115625e-005,-0.100817
7.28630115625e-005,-0.0756912
7.29630115625e-005,-0.088254
7.30630115625e-005,-0.0756912
7.31630115625e-005,-0.088254
7.32630115625e-005,-0.088254
7.33630115625e-005,-0.088254
7.34630115625e-005,-0.0756912
7.35630115625e-005,-0.088254
7.36630115625e-005,-0.0631285
7.37630115625e-005,-0.088254
7.38630115625e-005,-0.088254
7.39630115625e-005,-0.0756912
7.40630115625e-005,-0.100817
7.41630115625e-005,-0.100817
7.42630115625e-005,-0.0756912
7.43630115625e-005,-0.088254
7.44630115625e-005,-0.088254
7.45630115625e-005,-0.088254
7.46630115625e-005,-0.100817
7.47630115625e-005,-0.0631285
7.48630115625e-005,-0.088254
7.49630115625e-005,-0.088254
7.50630115625e-005,-0.088254
7.51630115625e-005,-0.0756912
7.52630115625e-005,-0.088254
7.53630115625e-005,-0.0631285
7.54630115625e-005,-0.0756912
7.55630115625e-005,-0.088254
7.56630115625e-005,-0.088254
7.57630115625e-005,-0.088254
7.58630115625e-005,-0.088254
7.59630115625e-005,-0.0756912
7.60630115625e-005,-0.0631285
7.61630115625e-005,-0.088254
7.62630115625e-005,-0.100817
7.63630115625e-005,-0.113379
7.64630115625e-005,-0.088254
7.65630115625e-005,-0.100817
7.66630115625e-005,-0.0756912
7.67630115625e-005,-0.0756912
7.68630115625e-005,-0.0756912
7.69630115625e-005,-0.088254
7.70630115625e-005,-0.088254
7.71630115625e-005,-0.0756912
7.72630115625e-005,-0.088254
7.73630115625e-005,-0.100817
7.74630115625e-005,-0.0756912
7.75630115625e-005,-0.113379
7.76630115625e-005,-0.0756912
7.77630115625e-005,-0.088254
7.78630115625e-005,-0.088254
7.79630115625e-005,-0.0756912
7.80630115625e-005,-0.0631285
7.81630115625e-005,-0.0756912
7.82630115625e-005,-0.0756912
7.83630115625e-005,-0.0756912
7.84630115625e-005,-0.0756912
7.85630115625e-005,-0.0631285
7.86630115625e-005,-0.0756912
7.87630115625e-005,-0.0631285
7.88630115625e-005,-0.100817
7.89630115625e-005,-0.100817
7.90630115625e-005,-0.088254
7.91630115625e-005,-0.088254
7.92630115625e-005,-0.0756912
7.93630115625e-005,-0.100817
7.94630115625e-005,-0.088254
7.95630115625e-005,-0.0756912
7.96630115625e-005,-0.113379
7.97630115625e-005,-0.0756912
7.98630115625e-005,-0.0631285
7.99630115625e-005,-0.100817
8.00630115625e-005,-0.0756912
8.01630115625e-005,-0.0756912
8.02630115625e-005,-0.0756912
8.03630115625e-005,-0.0631285
8.04630115625e-005,-0.088254
8.05630115625e-005,-0.0505657
8.06630115625e-005,-0.100817
8.07630115625e-005,-0.088254
8.08630115625e-005,-0.0756912
8.09630115625e-005,-0.100817
8.10630115625e-005,-0.0756912
8.11630115625e-005,-0.100817
8.12630115625e-005,-0.0756912
8.13630115625e-005,-0.100817
8.14630115625e-005,-0.088254
8.15630115625e-005,-0.088254
8.16630115625e-005,-0.088254
8.17630115625e-005,-0.100817
8.18630115625e-005,-0.0756912
8.19630115625e-005,-0.088254
8.20630115625e-005,-0.0756912
8.21630115625e-005,-0.0756912
8.22630115625e-005,-0.0756912
8.23630115625e-005,-0.100817
8.24630115625e-005,-0.0631285
8.25630115625e-005,-0.0756912
8.26630115625e-005,-0.0756912
8.27630115625e-005,-0.0756912
8.28630115625e-005,-0.088254
8.29630115625e-005,-0.088254
8.30630115625e-005,-0.088254
8.31630115625e-005,-0.088254
8.32630115625e-005,-0.100817
8.33630115625e-005,-0.088254
8.34630115625e-005,-0.088254
8.35630115625e-005,-0.088254
8.36630115625e-005,-0.0631285
8.37630115625e-005,-0.0756912
8.38630115625e-005,-0.088254
8.39630115625e-005,-0.0756912
8.40630115625e-005,-0.0756912
8.41630115625e-005,-0.088254
8.42630115625e-005,-0.088254
8.43630115625e-005,-0.100817
8.44630115625e-005,-0.088254
8.45630115625e-005,-0.0756912
8.46630115625e-005,-0.0631285
8.47630115625e-005,-0.088254
8.48630115625e-005,-0.100817
8.49630115625e-005,-0.088254
8.50630115625e-005,-0.100817
8.51630115625e-005,-0.100817
8.52630115625e-005,-0.088254
8.53630115625e-005,-0.088254
8.54630115625e-005,-0.100817
8.55630115625e-005,-0.0756912
8.56630115625e-005,-0.088254
8.57630115625e-005,-0.0631285
8.58630115625e-005,-0.088254
8.59630115625e-005,-0.100817
8.60630115625e-005,-0.0756912
8.61630115625e-005,-0.113379
8.62630115625e-005,-0.0756912
8.63630115625e-005,-0.0756912
8.64630115625e-005,-0.088254
8.65630115625e-005,-0.0756912
8.66630115625e-005,-0.088254
8.67630115625e-005,-0.100817
8.68630115625e-005,-0.113379
8.69630115625e-005,-0.0756912
8.70630115625e-005,-0.100817
8.71630115625e-005,-0.0756912
8.72630115625e-005,-0.0631285
8.73630115625e-005,-0.113379
8.74630115625e-005,-0.088254
8.75630115625e-005,-0.0631285
8.76630115625e-005,-0.100817
8.77630115625e-005,-0.088254
8.78630115625e-005,-0.0631285
8.79630115625e-005,-0.088254
8.80630115625e-005,-0.0756912
8.81630115625e-005,-0.0756912
8.82630115625e-005,-0.0756912
8.83630115625e-005,-0.0756912
8.84630115625e-005,-0.088254
8.85630115625e-005,-0.0631285
8.86630115625e-005,-0.088254
8.87630115625e-005,-0.0756912
8.88630115625e-005,-0.0756912
8.89630115625e-005,-0.088254
8.90630115625e-005,-0.088254
8.91630115625e-005,-0.0756912
8.92630115625e-005,-0.0756912
8.93630115625e-005,-0.0756912
8.94630115625e-005,-0.088254
8.95630115625e-005,-0.088254
8.96630115625e-005,-0.088254
8.97630115625e-005,-0.100817
8.98630115625e-005,-0.0756912
8.99630115625e-005,-0.100817
9.00630115625e-005,-0.088254
9.01630115625e-005,-0.0631285
9.02630115625e-005,-0.088254
9.03630115625e-005,-0.100817
9.04630115625e-005,-0.0756912
9.05630115625e-005,-0.0756912
9.06630115625e-005,-0.0756912
9.07630115625e-005,-0.088254
9.08630115625e-005,-0.088254
9.09630115625e-005,-0.100817
9.10630115625e-005,-0.0756912
9.11630115625e-005,-0.100817
9.12630115625e-005,-0.0631285
9.13630115625e-005,-0.088254
9.14630115625e-005,-0.0756912
9.15630115625e-005,-0.088254
9.16630115625e-005,-0.088254
9.17630115625e-005,-0.0756912
9.18630115625e-005,-0.088254
9.19630115625e-005,-0.088254
9.20630115625e-005,-0.088254
9.21630115625e-005,-0.0756912
9.22630115625e-005,-0.088254
9.23630115625e-005,-0.088254
9.24630115625e-005,-0.0631285
9.25630115625e-005,-0.0756912
9.26630115625e-005,-0.0756912
9.27630115625e-005,-0.088254
9.28630115625e-005,-0.0631285
9.29630115625e-005,-0.088254
9.30630115625e-005,-0.0756912
9.31630115625e-005,-0.088254
9.32630115625e-005,-0.0756912
9.33630115625e-005,-0.0756912
9.34630115625e-005,-0.088254
9.35630115625e-005,-0.0756912
9.36630115625e-005,-0.088254
9.37630115625e-005,-0.0756912
9.38630115625e-005,-0.0756912
9.39630115625e-005,-0.0631285
9.40630115625e-005,-0.088254
9.41630115625e-005,-0.0505657
9.42630115625e-005,-0.088254
9.43630115625e-005,-0.088254
9.44630115625e-005,-0.0756912
9.45630115625e-005,-0.088254
9.46630115625e-005,-0.088254
9.47630115625e-005,-0.0505657
9.48630115625e-005,-0.113379
9.49630115625e-005,-0.0756912
9.50630115625e-005,-0.0631285
9.51630115625e-005,-0.088254
9.52630115625e-005,-0.088254
9.53630115625e-005,-0.088254
9.54630115625e-005,-0.088254
9.55630115625e-005,-0.0756912
9.56630115625e-005,-0.0505657
9.57630115625e-005,-0.100817
9.58630115625e-005,-0.088254
9.59630115625e-005,-0.100817
9.60630115625e-005,-0.0756912
9.61630115625e-005,-0.0756912
9.62630115625e-005,-0.0756912
9.63630115625e-005,-0.0756912
9.64630115625e-005,-0.088254
9.65630115625e-005,-0.100817
9.66630115625e-005,-0.100817
9.67630115625e-005,-0.0505657
9.68630115625e-005,-0.0756912
9.69630115625e-005,-0.0756912
9.70630115625e-005,-0.100817
9.71630115625e-005,-0.0756912
9.72630115625e-005,-0.0756912
9.73630115625e-005,-0.088254
9.74630115625e-005,-0.088254
9.75630115625e-005,-0.088254
9.76630115625e-005,-0.0756912
9.77630115625e-005,-0.088254
9.78630115625e-005,-0.0756912
9.79630115625e-005,-0.0756912
9.80630115625e-005,-0.100817
9.81630115625e-005,-0.088254
9.82630115625e-005,-0.0631285
9.83630115625e-005,-0.0631285
9.84630115625e-005,-0.100817
9.85630115625e-005,-0.0631285
9.86630115625e-005,-0.088254
9.87630115625e-005,-0.0756912
9.88630115625e-005,-0.0631285
9.89630115625e-005,-0.0756912
9.90630115625e-005,-0.0756912
9.91630115625e-005,-0.088254
9.92630115625e-005,-0.100817
9.93630115625e-005,-0.088254
9.94630115625e-005,-0.0756912
9.95630115625e-005,-0.088254
9.96630115625e-005,-0.0756912
9.97630115625e-005,-0.0756912
9.98630115625e-005,-0.088254
9.99630115625e-005,3.24089
0.000100063011562,4.99969
0.000100163011562,5.01225
0.000100263011562,5.02481
0.000100363011562,5.03737
0.000100463011562,5.07506
0.000100563011562,5.04994
0.000100663011562,5.07506
0.000100763011562,5.0625
0.000100863011562,5.04994
0.000100963011562,5.04994
0.000101063011562,5.07506
0.000101163011562,5.03737
0.000101263011562,5.0625
0.000101363011562,5.02481
0.000101463011562,5.0625
0.000101563011562,5.0625
0.000101663011562,5.03737
0.000101763011562,5.01225
0.000101863011562,5.04994
0.000101963011562,5.04994
0.000102063011562,5.02481
0.000102163011562,5.03737
0.000102263011562,5.03737
0.000102363011562,5.02481
0.000102463011562,5.01225
0.000102563011562,5.03737
0.000102663011562,5.02481
0.000102763011562,5.04994
0.000102863011562,5.03737
0.000102963011562,5.01225