x-axis,2,3,4
second,Volt,Volt,Volt
-993.60E-03,+186.72E-03,+4.97236E+00,-439.70E-03
-992.60E-03,+174.15E-03,+4.84673E+00,+1.31910E+00
-991.60E-03,+172.90E-03,+4.83417E+00,+2.55025E+00
-990.60E-03,+172.90E-03,+4.92211E+00,+3.39196E+00
-989.60E-03,+172.90E-03,+4.83417E+00,+2.33668E+00
-988.60E-03,+171.64E-03,+4.83417E+00,+3.54271E+00
-987.60E-03,+136.46E-03,+4.83417E+00,+2.60050E+00
-986.60E-03,+132.70E-03,+4.94724E+00,+615.58E-03
-985.60E-03,+146.52E-03,+4.83417E+00,+1.83417E+00
-984.60E-03,+151.54E-03,+4.83417E+00,+3.55528E+00
-983.60E-03,+149.03E-03,+4.83417E+00,+2.44975E+00
-982.60E-03,+142.75E-03,+4.83417E+00,+992.46E-03
-981.60E-03,+132.70E-03,+4.83417E+00,-276.38E-03
-980.60E-03,+133.95E-03,+4.83417E+00,+665.83E-03
-979.60E-03,+132.70E-03,+4.98492E+00,+1.99749E+00
-978.60E-03,+152.80E-03,+4.83417E+00,+2.72613E+00
-977.60E-03,+159.08E-03,+4.83417E+00,+2.55025E+00
-976.60E-03,+154.05E-03,+4.83417E+00,+3.51759E+00
-975.60E-03,+177.92E-03,+4.83417E+00,+1.75879E+00
-974.60E-03,+182.95E-03,+4.83417E+00,-163.32E-03
-973.60E-03,+193.00E-03,+4.83417E+00,+2.44975E+00
-972.60E-03,+233.20E-03,+5.02261E+00,+3.96985E+00
-971.60E-03,+218.12E-03,+4.83417E+00,+1.24372E+00
-970.60E-03,+224.40E-03,+4.83417E+00,-100.50E-03
-969.60E-03,+248.27E-03,+4.83417E+00,-552.76E-03
-968.60E-03,+253.30E-03,+4.63317E+00,+3.86935E+00
-967.60E-03,+278.42E-03,+4.98492E+00,+2.90201E+00
-966.60E-03,+284.71E-03,+4.92211E+00,+2.77638E+00
-965.60E-03,+313.60E-03,+4.77136E+00,+1.39447E+00
-964.60E-03,+332.44E-03,+4.83417E+00,+1.41960E+00
-963.60E-03,+317.37E-03,+4.83417E+00,+1.74623E+00
-962.60E-03,+331.19E-03,+4.93467E+00,+2.77638E+00
-961.60E-03,+347.52E-03,+4.83417E+00,+1.62060E+00
-960.60E-03,+333.70E-03,+4.82161E+00,+3.24121E+00
-959.60E-03,+333.70E-03,+4.87186E+00,+2.62563E+00
-958.60E-03,+322.39E-03,+4.83417E+00,+577.89E-03
-957.60E-03,+307.32E-03,+4.83417E+00,-1.24372E+00
-956.60E-03,+294.76E-03,+4.83417E+00,+1.11809E+00
-955.60E-03,+278.42E-03,+4.83417E+00,+1.58291E+00
-954.60E-03,+264.61E-03,+4.73367E+00,+2.90201E+00
-953.60E-03,+253.30E-03,+4.74623E+00,+62.81E-03
-952.60E-03,+233.20E-03,+4.82161E+00,+1.13065E+00
-951.60E-03,+193.00E-03,+4.83417E+00,+2.52513E+00
-950.60E-03,+164.10E-03,+4.83417E+00,+3.19095E+00
-949.60E-03,+132.70E-03,+4.77136E+00,+2.85176E+00
-948.60E-03,+92.49E-03,+4.83417E+00,+1.72111E+00
-947.60E-03,+52.29E-03,+4.67085E+00,+1.73367E+00
-946.60E-03,+12.09E-03,+4.83417E+00,+2.95226E+00
-945.60E-03,-33.13E-03,+4.88442E+00,+3.89447E+00
-944.60E-03,-87.15E-03,+4.83417E+00,+3.75628E+00
-943.60E-03,-128.61E-03,+4.78392E+00,+2.38693E+00
-942.60E-03,-168.81E-03,+4.92211E+00,+942.21E-03
-941.60E-03,-202.73E-03,+4.83417E+00,+3.95729E+00
-940.60E-03,-247.96E-03,+4.83417E+00,+3.64322E+00
-939.60E-03,-289.41E-03,+4.83417E+00,+1.84673E+00
-938.60E-03,-309.52E-03,+4.83417E+00,+1.14322E+00
-937.60E-03,-354.74E-03,+4.83417E+00,+1.26884E+00
-936.60E-03,-408.76E-03,+4.83417E+00,+2.38693E+00
-935.60E-03,-425.09E-03,+4.98492E+00,+2.09799E+00
-934.60E-03,-460.27E-03,+4.83417E+00,+1.82161E+00
-933.60E-03,-490.42E-03,+4.83417E+00,+2.76382E+00
-932.60E-03,-510.52E-03,+4.83417E+00,+3.55528E+00
-931.60E-03,-534.39E-03,+4.87186E+00,+3.27889E+00
-930.60E-03,-559.52E-03,+4.83417E+00,+1.19347E+00
-929.60E-03,-590.92E-03,+4.97236E+00,+3.59296E+00
-928.60E-03,-590.92E-03,+4.83417E+00,+778.89E-03
-927.60E-03,-631.12E-03,+4.78392E+00,+2.46231E+00
-926.60E-03,-631.12E-03,+4.93467E+00,+1.09296E+00
-925.60E-03,-665.04E-03,+5.03518E+00,+1.00503E+00
-924.60E-03,-671.32E-03,+4.83417E+00,+3.56784E+00
-923.60E-03,-702.73E-03,+4.78392E+00,+2.68844E+00
-922.60E-03,-681.37E-03,+4.73367E+00,+2.37437E+00
-921.60E-03,-705.24E-03,+5.03518E+00,+1.04271E+00
-920.60E-03,-711.53E-03,+4.83417E+00,+3.55528E+00
-919.60E-03,-715.29E-03,+4.83417E+00,+2.41206E+00
-918.60E-03,-731.63E-03,+4.83417E+00,+3.36683E+00
-917.60E-03,-751.73E-03,+4.83417E+00,+3.45477E+00
-916.60E-03,-751.73E-03,+4.82161E+00,+1.34422E+00
-915.60E-03,-755.49E-03,+4.83417E+00,+2.72613E+00
-914.60E-03,-751.73E-03,+4.83417E+00,+879.40E-03
-913.60E-03,-771.83E-03,+4.83417E+00,+1.90955E+00
-912.60E-03,-771.83E-03,+4.83417E+00,+3.65578E+00
-911.60E-03,-771.83E-03,+4.87186E+00,+3.25377E+00
-910.60E-03,-751.73E-03,+4.83417E+00,+2.06030E+00
-909.60E-03,-756.75E-03,+4.83417E+00,+1.93467E+00
-908.60E-03,-752.98E-03,+4.63317E+00,+3.95729E+00
-907.60E-03,-771.83E-03,+4.67085E+00,+2.14824E+00
-906.60E-03,-761.78E-03,+4.83417E+00,+992.46E-03
-905.60E-03,-756.75E-03,+4.68342E+00,+2.80151E+00
-904.60E-03,-771.83E-03,+4.83417E+00,+3.70603E+00
-903.60E-03,-755.49E-03,+4.70854E+00,+3.06533E+00
-902.60E-03,-761.78E-03,+4.83417E+00,+1.13065E+00
-901.60E-03,-765.55E-03,+4.83417E+00,+2.76382E+00
-900.60E-03,-751.73E-03,+5.02261E+00,+3.58040E+00
-899.60E-03,-755.49E-03,-5.21608E+00,+113.07E-03
-898.60E-03,-751.73E-03,-5.10302E+00,+87.94E-03
-897.60E-03,-751.73E-03,-5.01508E+00,+138.19E-03
-896.60E-03,-711.53E-03,-5.01508E+00,+188.44E-03
-895.60E-03,-675.09E-03,-5.21608E+00,+113.07E-03
-894.60E-03,-651.22E-03,-5.21608E+00,+12.56E-03
-893.60E-03,-595.95E-03,-5.15327E+00,+50.25E-03
-892.60E-03,-570.82E-03,-5.21608E+00,+175.88E-03
-891.60E-03,-514.29E-03,-5.01508E+00,+113.07E-03
-890.60E-03,-440.17E-03,-5.11558E+00,+100.50E-03
-889.60E-03,-389.92E-03,-5.06533E+00,+50.25E-03
-888.60E-03,-349.72E-03,-5.01508E+00,-12.56E-03
-887.60E-03,-284.39E-03,-5.01508E+00,+201.01E-03
-886.60E-03,-197.71E-03,-5.30402E+00,-62.81E-03
-885.60E-03,-139.92E-03,-5.21608E+00,+75.38E-03
-884.60E-03,-88.41E-03,-5.01508E+00,+201.01E-03
-883.60E-03,-28.11E-03,-5.01508E+00,+113.07E-03
-882.60E-03,+43.50E-03,-5.01508E+00,+12.56E-03
-881.60E-03,+87.47E-03,-5.15327E+00,+138.19E-03
-880.60E-03,+152.80E-03,-5.01508E+00,+0.0E+00
-879.60E-03,+189.23E-03,-5.16583E+00,+113.07E-03
-878.60E-03,+213.10E-03,-5.10302E+00,+201.01E-03
-877.60E-03,+259.58E-03,-5.15327E+00,+339.20E-03
-876.60E-03,+273.40E-03,-5.21608E+00,+0.0E+00
-875.60E-03,+308.58E-03,-5.01508E+00,+150.75E-03
-874.60E-03,+353.80E-03,-5.01508E+00,+100.50E-03
-873.60E-03,+373.90E-03,-5.21608E+00,+201.01E-03
-872.60E-03,+373.90E-03,-5.20352E+00,+201.01E-03
-871.60E-03,+377.67E-03,-5.01508E+00,+113.07E-03
-870.60E-03,+414.10E-03,-5.10302E+00,-62.81E-03
-869.60E-03,+414.10E-03,-5.15327E+00,+138.19E-03
-868.60E-03,+432.95E-03,-5.01508E+00,+175.88E-03
-867.60E-03,+429.18E-03,-5.16583E+00,+150.75E-03
-866.60E-03,+434.20E-03,-5.01508E+00,+100.50E-03
-865.60E-03,+407.82E-03,-5.06533E+00,+50.25E-03
-864.60E-03,+414.10E-03,-5.20352E+00,+201.01E-03
-863.60E-03,+409.08E-03,-5.01508E+00,+113.07E-03
-862.60E-03,+402.80E-03,-5.10302E+00,-12.56E-03
-861.60E-03,+394.00E-03,-5.01508E+00,-138.19E-03
-860.60E-03,+394.00E-03,-5.01508E+00,+0.0E+00
-859.60E-03,+388.98E-03,-5.01508E+00,+150.75E-03
-858.60E-03,+382.70E-03,-5.01508E+00,+0.0E+00
-857.60E-03,+373.90E-03,-5.15327E+00,+276.38E-03
-856.60E-03,+353.80E-03,-5.20352E+00,+0.0E+00
-855.60E-03,+333.70E-03,-5.05276E+00,+113.07E-03
-854.60E-03,+353.80E-03,-5.10302E+00,+100.50E-03
-853.60E-03,+333.70E-03,-5.15327E+00,+138.19E-03
-852.60E-03,+333.70E-03,-5.01508E+00,+201.01E-03
-851.60E-03,+317.37E-03,-5.05276E+00,-37.69E-03
-850.60E-03,+303.55E-03,-5.01508E+00,+100.50E-03
-849.60E-03,+313.60E-03,-5.06533E+00,-75.38E-03
-848.60E-03,+293.50E-03,-5.01508E+00,+201.01E-03
-847.60E-03,+273.40E-03,-5.21608E+00,+0.0E+00
-846.60E-03,+284.71E-03,-5.10302E+00,+12.56E-03
-845.60E-03,+293.50E-03,-5.21608E+00,+138.19E-03
-844.60E-03,+273.40E-03,-5.20352E+00,+188.44E-03
-843.60E-03,+253.30E-03,-5.01508E+00,+113.07E-03
-842.60E-03,+253.30E-03,-5.11558E+00,+100.50E-03
-841.60E-03,+253.30E-03,-5.01508E+00,-138.19E-03
-840.60E-03,+253.30E-03,-5.20352E+00,+201.01E-03
-839.60E-03,+258.32E-03,-5.01508E+00,+113.07E-03
-838.60E-03,+244.51E-03,-5.01508E+00,+12.56E-03
-837.60E-03,+233.20E-03,-5.21608E+00,+50.25E-03
-836.60E-03,+253.30E-03,-5.01508E+00,+175.88E-03
-835.60E-03,+249.53E-03,-5.05276E+00,+113.07E-03
-834.60E-03,+243.25E-03,-5.21608E+00,+201.01E-03
-833.60E-03,+219.38E-03,-5.01508E+00,-50.25E-03
-832.60E-03,+214.35E-03,-5.01508E+00,+0.0E+00
-831.60E-03,+218.12E-03,-5.01508E+00,+201.01E-03
-830.60E-03,+223.15E-03,-5.10302E+00,+100.50E-03
-829.60E-03,+219.38E-03,-5.01508E+00,+201.01E-03
-828.60E-03,+233.20E-03,-5.01508E+00,+188.44E-03
-827.60E-03,+218.12E-03,-5.05276E+00,+75.38E-03
-826.60E-03,+213.10E-03,-5.11558E+00,+100.50E-03
-825.60E-03,+213.10E-03,-5.06533E+00,+50.25E-03
-824.60E-03,+213.10E-03,-5.01508E+00,+201.01E-03
-823.60E-03,+213.10E-03,-5.16583E+00,+150.75E-03
-822.60E-03,+223.15E-03,-5.01508E+00,+100.50E-03
-821.60E-03,+213.10E-03,-5.06533E+00,+50.25E-03
-820.60E-03,+213.10E-03,-5.01508E+00,+201.01E-03
-819.60E-03,+221.89E-03,-5.21608E+00,+201.01E-03
-818.60E-03,+211.84E-03,-5.01508E+00,+12.56E-03
-817.60E-03,+219.38E-03,-5.15327E+00,+201.01E-03
-816.60E-03,+233.20E-03,-5.01508E+00,+0.0E+00
-815.60E-03,+229.43E-03,-5.05276E+00,+150.75E-03
-814.60E-03,+213.10E-03,-5.01508E+00,+100.50E-03
-813.60E-03,+228.17E-03,-5.06533E+00,-75.38E-03
-812.60E-03,+233.20E-03,-5.01508E+00,+0.0E+00
-811.60E-03,+233.20E-03,-5.01508E+00,+75.38E-03
-810.60E-03,+223.15E-03,-5.11558E+00,-175.88E-03
-809.60E-03,+219.38E-03,-5.21608E+00,-75.38E-03
-808.60E-03,+214.35E-03,-5.20352E+00,+201.01E-03
-807.60E-03,+218.12E-03,-5.05276E+00,+113.07E-03
-806.60E-03,+223.15E-03,-5.10302E+00,-87.94E-03
-805.60E-03,+219.38E-03,-5.01508E+00,+0.0E+00
-804.60E-03,+213.10E-03,-5.01508E+00,+364.32E-03
-803.60E-03,+229.43E-03,-5.01508E+00,+314.07E-03
-802.60E-03,+213.10E-03,-5.11558E+00,-62.81E-03
-801.60E-03,+248.27E-03,-5.21608E+00,+339.20E-03
-800.60E-03,+213.10E-03,-5.20352E+00,+376.88E-03
-799.60E-03,+233.20E-03,+4.83417E+00,+2.33668E+00
-798.60E-03,+213.10E-03,+4.83417E+00,+1.79648E+00
-797.60E-03,+213.10E-03,+4.83417E+00,+2.36181E+00
-796.60E-03,+213.10E-03,+4.83417E+00,+2.96482E+00
-795.60E-03,+198.02E-03,+4.83417E+00,+2.41206E+00
-794.60E-03,+193.00E-03,+4.83417E+00,+2.38693E+00
-793.60E-03,+172.90E-03,+4.83417E+00,-62.81E-03
-792.60E-03,+193.00E-03,+4.83417E+00,+3.63065E+00
-791.60E-03,+172.90E-03,+4.83417E+00,+2.86432E+00
-790.60E-03,+164.10E-03,+4.84673E+00,-1.06784E+00
-789.60E-03,+152.80E-03,+5.03518E+00,+1.69598E+00
-788.60E-03,+152.80E-03,+4.82161E+00,+3.44221E+00
-787.60E-03,+152.80E-03,+4.98492E+00,+3.06533E+00
-786.60E-03,+142.75E-03,+4.92211E+00,+1.01759E+00
-785.60E-03,+132.70E-03,+4.83417E+00,-276.38E-03
-784.60E-03,+132.70E-03,+4.83417E+00,+1.89698E+00
-783.60E-03,+137.72E-03,+4.83417E+00,+2.53769E+00
-782.60E-03,+132.70E-03,+4.73367E+00,+1.26884E+00
-781.60E-03,+132.70E-03,+4.97236E+00,+2.95226E+00
-780.60E-03,+113.85E-03,+5.03518E+00,+3.95729E+00
-779.60E-03,+132.70E-03,+4.83417E+00,+2.66332E+00
-778.60E-03,+142.75E-03,+4.92211E+00,+3.68090E+00
-777.60E-03,+152.80E-03,+4.97236E+00,+3.89447E+00
-776.60E-03,+172.90E-03,+4.83417E+00,+1.44472E+00
-775.60E-03,+172.90E-03,+4.98492E+00,+2.86432E+00
-774.60E-03,+184.20E-03,+4.83417E+00,+1.26884E+00
-773.60E-03,+193.00E-03,+4.83417E+00,+1.74623E+00
-772.60E-03,+193.00E-03,+4.83417E+00,+3.59296E+00
-771.60E-03,+229.43E-03,+4.87186E+00,+2.67588E+00
-770.60E-03,+233.20E-03,+4.93467E+00,+3.65578E+00
-769.60E-03,+248.27E-03,+4.88442E+00,+3.17839E+00
-768.60E-03,+273.40E-03,+5.02261E+00,+3.63065E+00
-767.60E-03,+273.40E-03,+4.83417E+00,+2.83920E+00
-766.60E-03,+284.71E-03,+4.83417E+00,+2.70101E+00
-765.60E-03,+307.32E-03,+4.83417E+00,+3.65578E+00
-764.60E-03,+332.44E-03,+4.83417E+00,+1.55779E+00
-763.60E-03,+317.37E-03,+4.94724E+00,+1.46985E+00
-762.60E-03,+323.65E-03,+4.83417E+00,+753.77E-03
-761.60E-03,+313.60E-03,+4.77136E+00,+75.38E-03
-760.60E-03,+333.70E-03,+4.83417E+00,+3.58040E+00
-759.60E-03,+333.70E-03,+4.98492E+00,+2.38693E+00
-758.60E-03,+333.70E-03,+4.93467E+00,+414.57E-03
-757.60E-03,+313.60E-03,+4.83417E+00,-954.77E-03
-756.60E-03,+293.50E-03,+4.83417E+00,+3.73116E+00
-755.60E-03,+289.73E-03,+4.83417E+00,+2.17337E+00
-754.60E-03,+263.35E-03,+4.92211E+00,+2.62563E+00
-753.60E-03,+233.20E-03,+4.77136E+00,-1.58291E+00
-752.60E-03,+233.20E-03,+4.63317E+00,+3.64322E+00
-751.60E-03,+177.92E-03,+4.67085E+00,+2.75126E+00
-750.60E-03,+162.85E-03,+4.83417E+00,-1.04271E+00
-749.60E-03,+127.67E-03,+4.83417E+00,+4.07035E+00
-748.60E-03,+92.49E-03,+4.83417E+00,+2.95226E+00
-747.60E-03,+52.29E-03,+4.87186E+00,+1.68342E+00
-746.60E-03,+2.04E-03,+4.93467E+00,+1.40704E+00
-745.60E-03,-33.13E-03,+4.83417E+00,+3.15327E+00
-744.60E-03,-68.31E-03,+4.63317E+00,+439.70E-03
-743.60E-03,-123.59E-03,+4.83417E+00,+2.80151E+00
-742.60E-03,-157.51E-03,+4.83417E+00,+3.34171E+00
-741.60E-03,-193.94E-03,+4.83417E+00,-452.26E-03
-740.60E-03,-247.96E-03,+4.63317E+00,+1.18090E+00
-739.60E-03,-269.31E-03,+4.83417E+00,+2.17337E+00
-738.60E-03,-329.62E-03,+4.83417E+00,+3.21608E+00
-737.60E-03,-363.54E-03,+4.83417E+00,+2.71357E+00
-736.60E-03,-389.92E-03,+4.83417E+00,+3.93216E+00
-735.60E-03,-430.12E-03,+4.83417E+00,+1.35678E+00
-734.60E-03,-450.22E-03,+4.92211E+00,+3.39196E+00
-733.60E-03,-490.42E-03,+4.83417E+00,+2.71357E+00
-732.60E-03,-529.36E-03,+4.83417E+00,+3.27889E+00
-731.60E-03,-530.62E-03,+4.83417E+00,+2.13568E+00
-730.60E-03,-559.52E-03,+4.83417E+00,+753.77E-03
-729.60E-03,-575.85E-03,+4.74623E+00,+1.03015E+00
-728.60E-03,-611.02E-03,+4.83417E+00,+2.39950E+00
-727.60E-03,-614.79E-03,+4.87186E+00,+1.68342E+00
-726.60E-03,-631.12E-03,+4.83417E+00,+778.89E-03
-725.60E-03,-656.25E-03,+4.83417E+00,+1.67085E+00
-724.60E-03,-671.32E-03,+4.83417E+00,+2.83920E+00
-723.60E-03,-695.19E-03,+4.98492E+00,+2.53769E+00
-722.60E-03,-691.42E-03,+4.83417E+00,+2.26131E+00
-721.60E-03,-696.45E-03,+4.83417E+00,+3.44221E+00
-720.60E-03,-711.53E-03,+5.02261E+00,+213.57E-03
-719.60E-03,-731.63E-03,+4.83417E+00,+2.71357E+00
-718.60E-03,-721.58E-03,+4.83417E+00,+138.19E-03
-717.60E-03,-731.63E-03,+4.97236E+00,+1.04271E+00
-716.60E-03,-731.63E-03,+4.83417E+00,+2.38693E+00
-715.60E-03,-751.73E-03,+4.98492E+00,+2.38693E+00
-714.60E-03,-761.78E-03,+4.83417E+00,+653.27E-03
-713.60E-03,-751.73E-03,+4.83417E+00,+3.37940E+00
-712.60E-03,-770.57E-03,+4.83417E+00,+2.26131E+00
-711.60E-03,-766.80E-03,+4.98492E+00,+3.12814E+00
-710.60E-03,-761.78E-03,+5.03518E+00,+2.81407E+00
-709.60E-03,-756.75E-03,+4.83417E+00,+1.18090E+00
-708.60E-03,-751.73E-03,+4.83417E+00,+3.99497E+00
-707.60E-03,-771.83E-03,+4.87186E+00,+2.42462E+00
-706.60E-03,-760.52E-03,+4.92211E+00,+1.95980E+00
-705.60E-03,-771.83E-03,+4.83417E+00,+3.45477E+00
-704.60E-03,-771.83E-03,+4.63317E+00,+3.69347E+00
-703.60E-03,-775.60E-03,+4.83417E+00,+2.53769E+00
-702.60E-03,-760.52E-03,+4.92211E+00,+1.60804E+00
-701.60E-03,-771.83E-03,+4.83417E+00,+2.63819E+00
-700.60E-03,-751.73E-03,+4.83417E+00,+3.02764E+00
-699.60E-03,-755.49E-03,-5.32915E+00,-75.38E-03
-698.60E-03,-760.52E-03,-5.21608E+00,+12.56E-03
-697.60E-03,-731.63E-03,-5.21608E+00,-138.19E-03
-696.60E-03,-691.42E-03,-5.01508E+00,+201.01E-03
-695.60E-03,-691.42E-03,-5.01508E+00,+113.07E-03
-694.60E-03,-651.22E-03,-5.11558E+00,+100.50E-03
-693.60E-03,-611.02E-03,-5.06533E+00,+138.19E-03
-692.60E-03,-569.57E-03,-5.20352E+00,+188.44E-03
-691.60E-03,-510.52E-03,-5.16583E+00,+351.76E-03
-690.60E-03,-470.32E-03,-5.01508E+00,+12.56E-03
-689.60E-03,-394.94E-03,-5.01508E+00,+339.20E-03
-688.60E-03,-328.36E-03,-5.01508E+00,+201.01E-03
-687.60E-03,-280.62E-03,-5.05276E+00,-37.69E-03
-686.60E-03,-198.96E-03,-5.10302E+00,+12.56E-03
-685.60E-03,-133.64E-03,-5.15327E+00,+0.0E+00
-684.60E-03,-88.41E-03,-5.20352E+00,+0.0E+00
-683.60E-03,-23.08E-03,-5.16583E+00,-37.69E-03
-682.60E-03,+32.19E-03,-5.21608E+00,+201.01E-03
-681.60E-03,+87.47E-03,-5.06533E+00,+0.0E+00
-680.60E-03,+133.95E-03,-5.01508E+00,+0.0E+00
-679.60E-03,+172.90E-03,-5.01508E+00,+0.0E+00
-678.60E-03,+213.10E-03,-5.10302E+00,+0.0E+00
-677.60E-03,+253.30E-03,-5.01508E+00,+50.25E-03
-676.60E-03,+273.40E-03,-5.20352E+00,+201.01E-03
-675.60E-03,+313.60E-03,-5.16583E+00,+113.07E-03
-674.60E-03,+353.80E-03,-5.01508E+00,-87.94E-03
-673.60E-03,+353.80E-03,-5.15327E+00,+138.19E-03
-672.60E-03,+373.90E-03,-5.01508E+00,+0.0E+00
-671.60E-03,+397.77E-03,-5.21608E+00,+75.38E-03
-670.60E-03,+402.80E-03,-5.11558E+00,+12.56E-03
-669.60E-03,+414.10E-03,-5.01508E+00,-201.01E-03
-668.60E-03,+414.10E-03,-5.01508E+00,+188.44E-03
-667.60E-03,+417.87E-03,-5.21608E+00,+314.07E-03
-666.60E-03,+434.20E-03,-5.10302E+00,+100.50E-03
-665.60E-03,+434.20E-03,-5.15327E+00,+201.01E-03
-664.60E-03,+414.10E-03,-5.21608E+00,-201.01E-03
-663.60E-03,+414.10E-03,-5.21608E+00,+276.38E-03
-662.60E-03,+424.15E-03,-5.10302E+00,+12.56E-03
-661.60E-03,+399.03E-03,-5.15327E+00,+138.19E-03
-660.60E-03,+394.00E-03,-5.01508E+00,+188.44E-03
-659.60E-03,+394.00E-03,-5.21608E+00,+113.07E-03
-658.60E-03,+383.95E-03,-5.01508E+00,+12.56E-03
-657.60E-03,+358.83E-03,-5.01508E+00,-50.25E-03
-656.60E-03,+373.90E-03,-5.01508E+00,+0.0E+00
-655.60E-03,+337.47E-03,-5.16583E+00,-37.69E-03
-654.60E-03,+353.80E-03,-5.01508E+00,-87.94E-03
-653.60E-03,+333.70E-03,-5.09045E+00,-138.19E-03
-652.60E-03,+332.44E-03,-5.01508E+00,+0.0E+00
-651.60E-03,+313.60E-03,-5.21608E+00,+113.07E-03
-650.60E-03,+333.70E-03,-5.10302E+00,-87.94E-03
-649.60E-03,+293.50E-03,-5.15327E+00,+0.0E+00
-648.60E-03,+293.50E-03,-5.01508E+00,+175.88E-03
-647.60E-03,+293.50E-03,-5.16583E+00,+75.38E-03
-646.60E-03,+273.40E-03,-5.01508E+00,+100.50E-03
-645.60E-03,+273.40E-03,-5.15327E+00,+50.25E-03
-644.60E-03,+273.40E-03,-5.01508E+00,+175.88E-03
-643.60E-03,+253.30E-03,-5.01508E+00,+150.75E-03
-642.60E-03,+263.35E-03,-5.21608E+00,+125.63E-03
-641.60E-03,+253.30E-03,-5.15327E+00,+339.20E-03
-640.60E-03,+253.30E-03,-5.20352E+00,+188.44E-03
-639.60E-03,+253.30E-03,-5.16583E+00,-75.38E-03
-638.60E-03,+243.25E-03,-5.01508E+00,+201.01E-03
-637.60E-03,+239.48E-03,-5.01508E+00,-75.38E-03
-636.60E-03,+253.30E-03,-5.21608E+00,+175.88E-03
-635.60E-03,+233.20E-03,-5.16583E+00,+75.38E-03
-634.60E-03,+233.20E-03,-5.01508E+00,+12.56E-03
-633.60E-03,+241.99E-03,-5.15327E+00,+50.25E-03
-632.60E-03,+233.20E-03,-5.20352E+00,+364.32E-03
-631.60E-03,+218.12E-03,-5.16583E+00,+75.38E-03
-630.60E-03,+231.94E-03,-5.11558E+00,+12.56E-03
-629.60E-03,+213.10E-03,-5.01508E+00,-75.38E-03
-628.60E-03,+233.20E-03,-5.01508E+00,+188.44E-03
-627.60E-03,+218.12E-03,-5.16583E+00,+150.75E-03
-626.60E-03,+213.10E-03,-5.01508E+00,+12.56E-03
-625.60E-03,+233.20E-03,-5.21608E+00,+50.25E-03
-624.60E-03,+233.20E-03,-5.01508E+00,+0.0E+00
-623.60E-03,+229.43E-03,-5.21608E+00,+0.0E+00
-622.60E-03,+213.10E-03,-5.01508E+00,+12.56E-03
-621.60E-03,+239.48E-03,-5.01508E+00,+0.0E+00
-620.60E-03,+233.20E-03,-5.01508E+00,+389.45E-03
-619.60E-03,+218.12E-03,-5.01508E+00,-37.69E-03
-618.60E-03,+223.15E-03,-5.02764E+00,+12.56E-03
-617.60E-03,+228.17E-03,-5.01508E+00,+50.25E-03
-616.60E-03,+213.10E-03,-5.01508E+00,+201.01E-03
-615.60E-03,+213.10E-03,-5.16583E+00,+113.07E-03
-614.60E-03,+224.40E-03,-5.11558E+00,-87.94E-03
-613.60E-03,+233.20E-03,-5.15327E+00,-75.38E-03
-612.60E-03,+213.10E-03,-5.01508E+00,+188.44E-03
-611.60E-03,+218.12E-03,-5.21608E+00,+150.75E-03
-610.60E-03,+223.15E-03,-5.11558E+00,+100.50E-03
-609.60E-03,+219.38E-03,-5.06533E+00,-138.19E-03
-608.60E-03,+213.10E-03,-5.01508E+00,+0.0E+00
-607.60E-03,+233.20E-03,-5.16583E+00,+314.07E-03
-606.60E-03,+213.10E-03,-5.01508E+00,+201.01E-03
-605.60E-03,+233.20E-03,-5.01508E+00,+201.01E-03
-604.60E-03,+213.10E-03,-5.20352E+00,+175.88E-03
-603.60E-03,+233.20E-03,-5.01508E+00,+113.07E-03
-602.60E-03,+233.20E-03,-5.01508E+00,+100.50E-03
-601.60E-03,+225.66E-03,-5.06533E+00,+50.25E-03
-600.60E-03,+233.20E-03,-5.01508E+00,+175.88E-03
-599.60E-03,+229.43E-03,+4.83417E+00,+1.85930E+00
-598.60E-03,+213.10E-03,+4.93467E+00,+0.0E+00
-597.60E-03,+213.10E-03,+4.88442E+00,-1.53266E+00
-596.60E-03,+213.10E-03,+4.83417E+00,+2.21106E+00
-595.60E-03,+193.00E-03,+4.87186E+00,+2.68844E+00
-594.60E-03,+193.00E-03,+4.83417E+00,+3.01508E+00
-593.60E-03,+179.18E-03,+4.83417E+00,+87.94E-03
-592.60E-03,+172.90E-03,+4.83417E+00,-37.69E-03
-591.60E-03,+157.82E-03,+5.03518E+00,+1.35678E+00
-590.60E-03,+152.80E-03,+4.93467E+00,+414.57E-03
-589.60E-03,+167.87E-03,+4.97236E+00,+301.51E-03
-588.60E-03,+154.05E-03,+4.83417E+00,+3.71859E+00
-587.60E-03,+152.80E-03,+4.67085E+00,+3.64322E+00
-586.60E-03,+152.80E-03,+4.83417E+00,+640.70E-03
-585.60E-03,+147.77E-03,+4.83417E+00,-226.13E-03
-584.60E-03,+132.70E-03,+4.83417E+00,+3.19095E+00
-583.60E-03,+132.70E-03,+4.70854E+00,+2.83920E+00
-582.60E-03,+132.70E-03,+4.73367E+00,+904.52E-03
-581.60E-03,+147.77E-03,+4.83417E+00,+351.76E-03
-580.60E-03,+132.70E-03,+4.83417E+00,+3.64322E+00
-579.60E-03,+149.03E-03,+4.83417E+00,+1.23116E+00
-578.60E-03,+144.00E-03,+4.73367E+00,+3.04020E+00
-577.60E-03,+152.80E-03,+4.77136E+00,+3.59296E+00
-576.60E-03,+172.90E-03,+5.02261E+00,+1.11809E+00
-575.60E-03,+172.90E-03,+5.03518E+00,+1.98492E+00
-574.60E-03,+193.00E-03,+4.93467E+00,+1.31910E+00
-573.60E-03,+193.00E-03,+4.83417E+00,+577.89E-03
-572.60E-03,+213.10E-03,+4.83417E+00,+3.93216E+00
-571.60E-03,+218.12E-03,+4.83417E+00,+1.15578E+00
-570.60E-03,+233.20E-03,+4.83417E+00,+251.26E-03
-569.60E-03,+239.48E-03,+4.83417E+00,+967.34E-03
-568.60E-03,+253.30E-03,+4.83417E+00,+766.33E-03
-567.60E-03,+273.40E-03,+4.98492E+00,+2.27387E+00
-566.60E-03,+302.29E-03,+4.72111E+00,+2.11055E+00
-565.60E-03,+298.53E-03,+4.97236E+00,+3.59296E+00
-564.60E-03,+293.50E-03,+4.83417E+00,+2.80151E+00
-563.60E-03,+313.60E-03,+4.83417E+00,+2.33668E+00
-562.60E-03,+323.65E-03,+4.92211E+00,+2.95226E+00
-561.60E-03,+333.70E-03,+4.83417E+00,+163.32E-03
-560.60E-03,+333.70E-03,+4.83417E+00,+879.40E-03
-559.60E-03,+337.47E-03,+4.78392E+00,+1.92211E+00
-558.60E-03,+322.39E-03,+4.83417E+00,+753.77E-03
-557.60E-03,+313.60E-03,+4.83417E+00,+1.10553E+00
-556.60E-03,+312.34E-03,+4.83417E+00,+2.95226E+00
-555.60E-03,+293.50E-03,+4.67085E+00,+942.21E-03
-554.60E-03,+273.40E-03,+4.83417E+00,+2.02261E+00
-553.60E-03,+253.30E-03,+4.83417E+00,+866.83E-03
-552.60E-03,+233.20E-03,+5.02261E+00,+3.93216E+00
-551.60E-03,+193.00E-03,+4.78392E+00,+2.50000E+00
-550.60E-03,+152.80E-03,+4.83417E+00,+1.08040E+00
-549.60E-03,+118.88E-03,+4.83417E+00,+163.32E-03
-548.60E-03,+73.65E-03,+4.83417E+00,+50.25E-03
-547.60E-03,+37.22E-03,+4.83417E+00,+2.65075E+00
-546.60E-03,+12.09E-03,+4.92211E+00,+1.63317E+00
-545.60E-03,-21.83E-03,+4.88442E+00,+163.32E-03
-544.60E-03,-68.31E-03,+4.83417E+00,-351.76E-03
-543.60E-03,-112.28E-03,+4.98492E+00,+2.21106E+00
-542.60E-03,-157.51E-03,+4.92211E+00,+929.65E-03
-541.60E-03,-202.73E-03,+4.68342E+00,+904.52E-03
-540.60E-03,-266.80E-03,+4.82161E+00,+3.80653E+00
-539.60E-03,-284.39E-03,+4.70854E+00,+2.36181E+00
-538.60E-03,-329.62E-03,+4.83417E+00,+1.83417E+00
-537.60E-03,-343.43E-03,+4.83417E+00,-175.88E-03
-536.60E-03,-389.92E-03,+4.83417E+00,+565.33E-03
-535.60E-03,-413.79E-03,+4.78392E+00,+3.51759E+00
-534.60E-03,-470.32E-03,+4.83417E+00,+2.72613E+00
-533.60E-03,-490.42E-03,+4.90955E+00,+690.95E-03
-532.60E-03,-510.52E-03,+5.03518E+00,-326.63E-03
-531.60E-03,-530.62E-03,+4.83417E+00,+3.25377E+00
-530.60E-03,-559.52E-03,+4.83417E+00,+2.50000E+00
-529.60E-03,-575.85E-03,+4.83417E+00,+3.75628E+00
-528.60E-03,-611.02E-03,+4.83417E+00,+3.91960E+00
-527.60E-03,-631.12E-03,+4.98492E+00,+1.55779E+00
-526.60E-03,-641.17E-03,+4.83417E+00,+1.43216E+00
-525.60E-03,-656.25E-03,+4.83417E+00,+2.48744E+00
-524.60E-03,-671.32E-03,+4.83417E+00,+3.36683E+00
-523.60E-03,-686.40E-03,+4.83417E+00,+2.50000E+00
-522.60E-03,-691.42E-03,+4.83417E+00,+1.83417E+00
-521.60E-03,-691.42E-03,+4.97236E+00,-1.35678E+00
-520.60E-03,-710.27E-03,+4.83417E+00,+3.79397E+00
-519.60E-03,-726.60E-03,+4.83417E+00,+1.21859E+00
-518.60E-03,-731.63E-03,+4.83417E+00,+1.69598E+00
-517.60E-03,-745.44E-03,+4.83417E+00,+2.55025E+00
-516.60E-03,-751.73E-03,+4.64573E+00,+2.75126E+00
-515.60E-03,-766.80E-03,+5.03518E+00,+2.68844E+00
-514.60E-03,-760.52E-03,+4.83417E+00,+2.26131E+00
-513.60E-03,-751.73E-03,+4.74623E+00,+2.07286E+00
-512.60E-03,-771.83E-03,+4.83417E+00,+4.00754E+00
-511.60E-03,-751.73E-03,+4.83417E+00,+2.71357E+00
-510.60E-03,-771.83E-03,+4.92211E+00,+1.11809E+00
-509.60E-03,-771.83E-03,+4.83417E+00,+3.45477E+00
-508.60E-03,-771.83E-03,+4.83417E+00,+3.89447E+00
-507.60E-03,-771.83E-03,+4.83417E+00,+2.04774E+00
-506.60E-03,-771.83E-03,+4.92211E+00,+2.26131E+00
-505.60E-03,-776.85E-03,+4.83417E+00,+2.65075E+00
-504.60E-03,-771.83E-03,+4.83417E+00,+3.21608E+00
-503.60E-03,-771.83E-03,+4.87186E+00,+2.72613E+00
-502.60E-03,-761.78E-03,+5.03518E+00,+904.52E-03
-501.60E-03,-751.73E-03,+4.77136E+00,+75.38E-03
-500.60E-03,-751.73E-03,+4.83417E+00,-753.77E-03
-499.60E-03,-755.49E-03,-5.16583E+00,+238.69E-03
-498.60E-03,-751.73E-03,-5.21608E+00,+12.56E-03
-497.60E-03,-736.65E-03,-5.21608E+00,+50.25E-03
-496.60E-03,-730.37E-03,-5.20352E+00,+201.01E-03
-495.60E-03,-691.42E-03,-5.05276E+00,+150.75E-03
-494.60E-03,-651.22E-03,-5.21608E+00,+12.56E-03
-493.60E-03,-616.05E-03,-5.01508E+00,-138.19E-03
-492.60E-03,-569.57E-03,-5.01508E+00,+188.44E-03
-491.60E-03,-505.49E-03,-5.01508E+00,+150.75E-03
-490.60E-03,-450.22E-03,-5.11558E+00,+100.50E-03
-489.60E-03,-383.64E-03,-5.21608E+00,+339.20E-03
-488.60E-03,-329.62E-03,-5.01508E+00,+188.44E-03
-487.60E-03,-269.31E-03,-5.05276E+00,+75.38E-03
-486.60E-03,-217.81E-03,-5.01508E+00,-62.81E-03
-485.60E-03,-148.71E-03,-5.06533E+00,+50.25E-03
-484.60E-03,-88.41E-03,-5.01508E+00,+201.01E-03
-483.60E-03,-39.41E-03,-5.21608E+00,-75.38E-03
-482.60E-03,+42.24E-03,-5.11558E+00,+12.56E-03
-481.60E-03,+92.49E-03,-5.01508E+00,+113.07E-03
-480.60E-03,+132.70E-03,-5.01508E+00,+0.0E+00
-479.60E-03,+172.90E-03,-5.16583E+00,+150.75E-03
-478.60E-03,+231.94E-03,-5.21608E+00,+12.56E-03
-477.60E-03,+259.58E-03,-5.15327E+00,-75.38E-03
-476.60E-03,+293.50E-03,-5.01508E+00,+188.44E-03
-475.60E-03,+308.58E-03,-5.16583E+00,+150.75E-03
-474.60E-03,+342.49E-03,-5.11558E+00,-175.88E-03
-473.60E-03,+367.62E-03,-5.06533E+00,-75.38E-03
-472.60E-03,+373.90E-03,-5.01508E+00,+188.44E-03
-471.60E-03,+397.77E-03,-5.01508E+00,+150.75E-03
-470.60E-03,+394.00E-03,-5.01508E+00,+12.56E-03
-469.60E-03,+427.92E-03,-5.01508E+00,+0.0E+00
-468.60E-03,+432.95E-03,-5.20352E+00,+0.0E+00
-467.60E-03,+434.20E-03,-5.16583E+00,-37.69E-03
-466.60E-03,+422.90E-03,-5.10302E+00,+100.50E-03
-465.60E-03,+414.10E-03,-5.15327E+00,+50.25E-03
-464.60E-03,+414.10E-03,-5.21608E+00,+188.44E-03
-463.60E-03,+434.20E-03,-5.01508E+00,+201.01E-03
-462.60E-03,+414.10E-03,-5.01508E+00,+12.56E-03
-461.60E-03,+414.10E-03,-5.15327E+00,-50.25E-03
-460.60E-03,+411.59E-03,-5.01508E+00,+188.44E-03
-459.60E-03,+377.67E-03,-5.16583E+00,-75.38E-03
-458.60E-03,+373.90E-03,-5.10302E+00,+12.56E-03
-457.60E-03,+373.90E-03,-5.15327E+00,-50.25E-03
-456.60E-03,+371.39E-03,-5.01508E+00,+188.44E-03
-455.60E-03,+348.78E-03,-5.21608E+00,+150.75E-03
-454.60E-03,+342.49E-03,-5.11558E+00,+100.50E-03
-453.60E-03,+333.70E-03,-5.06533E+00,-75.38E-03
-452.60E-03,+333.70E-03,-5.01508E+00,+0.0E+00
-451.60E-03,+317.37E-03,-5.01508E+00,+75.38E-03
-450.60E-03,+313.60E-03,-5.10302E+00,-87.94E-03
-449.60E-03,+293.50E-03,-5.01508E+00,+201.01E-03
-448.60E-03,+293.50E-03,-5.01508E+00,+0.0E+00
-447.60E-03,+278.42E-03,-5.16583E+00,+113.07E-03
-446.60E-03,+284.71E-03,-5.01508E+00,+125.63E-03
-445.60E-03,+279.68E-03,-5.01508E+00,+50.25E-03
-444.60E-03,+273.40E-03,-5.21608E+00,+0.0E+00
-443.60E-03,+273.40E-03,-5.16583E+00,+113.07E-03
-442.60E-03,+263.35E-03,-5.21608E+00,+213.57E-03
-441.60E-03,+259.58E-03,-5.15327E+00,+113.07E-03
-440.60E-03,+253.30E-03,-5.01508E+00,+201.01E-03
-439.60E-03,+238.22E-03,-5.21608E+00,+0.0E+00
-438.60E-03,+253.30E-03,-5.01508E+00,+12.56E-03
-437.60E-03,+248.27E-03,-5.21608E+00,-75.38E-03
-436.60E-03,+234.45E-03,-5.01508E+00,+376.88E-03
-435.60E-03,+238.22E-03,-5.05276E+00,+75.38E-03
-434.60E-03,+223.15E-03,-5.11558E+00,+201.01E-03
-433.60E-03,+233.20E-03,-5.21608E+00,+201.01E-03
-432.60E-03,+233.20E-03,-5.01508E+00,+201.01E-03
-431.60E-03,+218.12E-03,-5.21608E+00,+113.07E-03
-430.60E-03,+233.20E-03,-5.10302E+00,-175.88E-03
-429.60E-03,+233.20E-03,-5.06533E+00,+50.25E-03
-428.60E-03,+233.20E-03,-5.01508E+00,+0.0E+00
-427.60E-03,+229.43E-03,-5.16583E+00,+150.75E-03
-426.60E-03,+223.15E-03,-5.01508E+00,+201.01E-03
-425.60E-03,+233.20E-03,-5.06533E+00,+138.19E-03
-424.60E-03,+253.30E-03,-5.01508E+00,+175.88E-03
-423.60E-03,+218.12E-03,-5.05276E+00,-37.69E-03
-422.60E-03,+224.40E-03,-5.01508E+00,+100.50E-03
-421.60E-03,+228.17E-03,-5.01508E+00,-138.19E-03
-420.60E-03,+215.61E-03,-5.01508E+00,+0.0E+00
-419.60E-03,+213.10E-03,-5.01508E+00,-37.69E-03
-418.60E-03,+233.20E-03,-5.01508E+00,+12.56E-03
-417.60E-03,+228.17E-03,-5.06533E+00,-75.38E-03
-416.60E-03,+233.20E-03,-5.21608E+00,+0.0E+00
-415.60E-03,+213.10E-03,-5.01508E+00,-75.38E-03
-414.60E-03,+233.20E-03,-5.10302E+00,+100.50E-03
-413.60E-03,+219.38E-03,-5.06533E+00,-75.38E-03
-412.60E-03,+214.35E-03,-5.20352E+00,+0.0E+00
-411.60E-03,+229.43E-03,-5.05276E+00,+75.38E-03
-410.60E-03,+223.15E-03,-5.10302E+00,+100.50E-03
-409.60E-03,+228.17E-03,-5.01508E+00,+201.01E-03
-408.60E-03,+214.35E-03,-5.01508E+00,+175.88E-03
-407.60E-03,+218.12E-03,-5.16583E+00,+113.07E-03
-406.60E-03,+213.10E-03,-5.10302E+00,-62.81E-03
-405.60E-03,+213.10E-03,-5.15327E+00,-201.01E-03
-404.60E-03,+195.51E-03,-5.20352E+00,+0.0E+00
-403.60E-03,+218.12E-03,-5.01508E+00,-37.69E-03
-402.60E-03,+233.20E-03,-5.01508E+00,+100.50E-03
-401.60E-03,+219.38E-03,-5.01508E+00,+50.25E-03
-400.60E-03,+233.20E-03,-5.01508E+00,+0.0E+00
-399.60E-03,+245.76E-03,+4.98492E+00,+2.33668E+00
-398.60E-03,+233.20E-03,+4.83417E+00,+3.05276E+00
-397.60E-03,+213.10E-03,+4.97236E+00,-929.65E-03
-396.60E-03,+213.10E-03,+5.02261E+00,+2.03518E+00
-395.60E-03,+193.00E-03,+4.98492E+00,+2.88945E+00
-394.60E-03,+193.00E-03,+5.03518E+00,-515.08E-03
-393.60E-03,+201.79E-03,+4.83417E+00,-904.52E-03
-392.60E-03,+193.00E-03,+5.02261E+00,+3.69347E+00
-391.60E-03,+177.92E-03,+4.98492E+00,+2.19849E+00
-390.60E-03,+152.80E-03,+4.93467E+00,+778.89E-03
-389.60E-03,+159.08E-03,+4.83417E+00,+653.27E-03
-388.60E-03,+154.05E-03,+4.63317E+00,+3.98241E+00
-387.60E-03,+169.13E-03,+4.83417E+00,+2.01005E+00
-386.60E-03,+132.70E-03,+4.83417E+00,+1.46985E+00
-385.60E-03,+132.70E-03,+4.83417E+00,+3.49246E+00
-384.60E-03,+132.70E-03,+5.03518E+00,-326.63E-03
-383.60E-03,+128.93E-03,+4.83417E+00,+2.48744E+00
-382.60E-03,+123.90E-03,+4.92211E+00,+439.70E-03
-381.60E-03,+132.70E-03,+4.97236E+00,-477.39E-03
-380.60E-03,+133.95E-03,+4.83417E+00,-376.88E-03
-379.60E-03,+132.70E-03,+4.98492E+00,+2.01005E+00
-378.60E-03,+144.00E-03,+4.63317E+00,+2.13568E+00
-377.60E-03,+159.08E-03,+4.83417E+00,+2.97739E+00
-376.60E-03,+152.80E-03,+4.83417E+00,-251.26E-03
-375.60E-03,+172.90E-03,+4.67085E+00,+1.68342E+00
-374.60E-03,+172.90E-03,+4.83417E+00,+1.06784E+00
-373.60E-03,+185.46E-03,+4.97236E+00,+3.11558E+00
-372.60E-03,+213.10E-03,+4.83417E+00,+3.83166E+00
-371.60E-03,+238.22E-03,+4.98492E+00,+1.34422E+00
-370.60E-03,+233.20E-03,+4.92211E+00,+1.98492E+00
-369.60E-03,+239.48E-03,+4.83417E+00,+2.92714E+00
-368.60E-03,+254.56E-03,+4.83417E+00,+4.02010E+00
-367.60E-03,+273.40E-03,+4.98492E+00,+1.31910E+00
-366.60E-03,+283.45E-03,+4.93467E+00,-452.26E-03
-365.60E-03,+313.60E-03,+4.83417E+00,+3.59296E+00
-364.60E-03,+313.60E-03,+4.83417E+00,+2.86432E+00
-363.60E-03,+333.70E-03,+4.83417E+00,+2.46231E+00
-362.60E-03,+353.80E-03,+4.83417E+00,+1.64573E+00
-361.60E-03,+333.70E-03,+4.63317E+00,+3.11558E+00
-360.60E-03,+333.70E-03,+5.02261E+00,+3.63065E+00
-359.60E-03,+333.70E-03,+4.83417E+00,+904.52E-03
-358.60E-03,+322.39E-03,+5.03518E+00,+703.52E-03
-357.60E-03,+327.42E-03,+4.77136E+00,-113.07E-03
-356.60E-03,+312.34E-03,+4.83417E+00,+2.01005E+00
-355.60E-03,+278.42E-03,+4.98492E+00,+653.27E-03
-354.60E-03,+253.30E-03,+4.93467E+00,+2.37437E+00
-353.60E-03,+253.30E-03,+4.83417E+00,+3.86935E+00
-352.60E-03,+233.20E-03,+4.83417E+00,+2.26131E+00
-351.60E-03,+189.23E-03,+4.98492E+00,+2.46231E+00
-350.60E-03,+164.10E-03,+4.92211E+00,+3.19095E+00
-349.60E-03,+118.88E-03,+4.83417E+00,-816.58E-03
-348.60E-03,+92.49E-03,+4.83417E+00,+2.22362E+00
-347.60E-03,+32.19E-03,+4.83417E+00,+3.30402E+00
-346.60E-03,+12.09E-03,+4.83417E+00,-314.07E-03
-345.60E-03,-28.11E-03,+4.83417E+00,-979.90E-03
-344.60E-03,-68.31E-03,+4.83417E+00,+4.02010E+00
-343.60E-03,-128.61E-03,+4.98492E+00,+2.01005E+00
-342.60E-03,-158.76E-03,+4.92211E+00,+238.69E-03
-341.60E-03,-209.01E-03,+4.83417E+00,+3.31658E+00
-340.60E-03,-249.21E-03,+4.83417E+00,+3.01508E+00
-339.60E-03,-269.31E-03,+4.83417E+00,+2.61307E+00
-338.60E-03,-329.62E-03,+4.73367E+00,+301.51E-03
-337.60E-03,-349.72E-03,+4.83417E+00,+3.93216E+00
-336.60E-03,-371.07E-03,+4.83417E+00,+3.73116E+00
-335.60E-03,-445.19E-03,+4.83417E+00,+2.72613E+00
-334.60E-03,-459.01E-03,+4.83417E+00,+2.07286E+00
-333.60E-03,-470.32E-03,+4.83417E+00,-477.39E-03
-332.60E-03,-510.52E-03,+4.83417E+00,-326.63E-03
-331.60E-03,-545.70E-03,+4.83417E+00,+2.46231E+00
-330.60E-03,-560.77E-03,+4.83417E+00,+2.07286E+00
-329.60E-03,-584.64E-03,+4.83417E+00,+904.52E-03
-328.60E-03,-611.02E-03,+4.83417E+00,+979.90E-03
-327.60E-03,-614.79E-03,+4.83417E+00,+2.80151E+00
-326.60E-03,-651.22E-03,+4.73367E+00,+527.64E-03
-325.60E-03,-656.25E-03,+4.83417E+00,+2.21106E+00
-324.60E-03,-671.32E-03,+4.63317E+00,+1.36935E+00
-323.60E-03,-686.40E-03,+4.83417E+00,+1.03015E+00
-322.60E-03,-691.42E-03,+4.83417E+00,+967.34E-03
-321.60E-03,-705.24E-03,+4.83417E+00,+1.08040E+00
-320.60E-03,-691.42E-03,+4.83417E+00,+2.26131E+00
-319.60E-03,-731.63E-03,+4.78392E+00,+3.02764E+00
-318.60E-03,-729.11E-03,+4.73367E+00,+577.89E-03
-317.60E-03,-725.34E-03,+4.77136E+00,+1.38191E+00
-316.60E-03,-731.63E-03,+4.83417E+00,+1.63317E+00
-315.60E-03,-751.73E-03,+4.98492E+00,+2.77638E+00
-314.60E-03,-751.73E-03,+4.92211E+00,+665.83E-03
-313.60E-03,-765.55E-03,+4.83417E+00,-502.51E-03
-312.60E-03,-770.57E-03,+5.02261E+00,+665.83E-03
-311.60E-03,-771.83E-03,+4.83417E+00,+2.29899E+00
-310.60E-03,-771.83E-03,+4.92211E+00,+1.53266E+00
-309.60E-03,-765.55E-03,+4.83417E+00,+1.63317E+00
-308.60E-03,-771.83E-03,+5.03518E+00,+3.44221E+00
-307.60E-03,-759.26E-03,+4.78392E+00,+2.37437E+00
-306.60E-03,-771.83E-03,+4.83417E+00,+1.18090E+00
-305.60E-03,-771.83E-03,+4.83417E+00,+3.25377E+00
-304.60E-03,-771.83E-03,+4.83417E+00,-163.32E-03
-303.60E-03,-783.13E-03,+4.83417E+00,+1.68342E+00
-302.60E-03,-761.78E-03,+4.83417E+00,+1.01759E+00
-301.60E-03,-765.55E-03,+4.97236E+00,-1.31910E+00
-300.60E-03,-731.63E-03,+4.83417E+00,+2.83920E+00
-299.60E-03,-771.83E-03,-5.21608E+00,-37.69E-03
-298.60E-03,-751.73E-03,-5.10302E+00,+100.50E-03
-297.60E-03,-742.93E-03,-5.21608E+00,+50.25E-03
-296.60E-03,-711.53E-03,-5.20352E+00,+0.0E+00
-295.60E-03,-686.40E-03,-5.01508E+00,+238.69E-03
-294.60E-03,-639.92E-03,-5.11558E+00,+87.94E-03
-293.60E-03,-611.02E-03,-5.21608E+00,-75.38E-03
-292.60E-03,-569.57E-03,-5.01508E+00,+0.0E+00
-291.60E-03,-505.49E-03,-5.21608E+00,+75.38E-03
-290.60E-03,-459.01E-03,-5.01508E+00,+201.01E-03
-289.60E-03,-394.94E-03,-5.06533E+00,+201.01E-03
-288.60E-03,-309.52E-03,-5.01508E+00,+0.0E+00
-287.60E-03,-264.29E-03,-5.16583E+00,+113.07E-03
-286.60E-03,-198.96E-03,-5.10302E+00,+0.0E+00
-285.60E-03,-162.53E-03,-5.15327E+00,+50.25E-03
-284.60E-03,-106.00E-03,-5.21608E+00,+201.01E-03
-283.60E-03,-23.08E-03,-5.01508E+00,-37.69E-03
-282.60E-03,+22.14E-03,-5.21608E+00,-62.81E-03
-281.60E-03,+92.49E-03,-5.06533E+00,-138.19E-03
-280.60E-03,+132.70E-03,-5.01508E+00,+188.44E-03
-279.60E-03,+172.90E-03,-5.01508E+00,+75.38E-03
-278.60E-03,+223.15E-03,-5.11558E+00,+0.0E+00
-277.60E-03,+239.48E-03,-5.15327E+00,+0.0E+00
-276.60E-03,+293.50E-03,-5.01508E+00,+201.01E-03
-275.60E-03,+313.60E-03,-5.01508E+00,+0.0E+00
-274.60E-03,+353.80E-03,-5.01508E+00,+125.63E-03
-273.60E-03,+353.80E-03,-5.15327E+00,+50.25E-03
-272.60E-03,+373.90E-03,-5.01508E+00,+0.0E+00
-271.60E-03,+397.77E-03,-5.21608E+00,+276.38E-03
-270.60E-03,+414.10E-03,-5.21608E+00,+12.56E-03
-269.60E-03,+419.13E-03,-4.86432E+00,+113.07E-03
-268.60E-03,+414.10E-03,-5.01508E+00,+0.0E+00
-267.60E-03,+437.97E-03,-5.01508E+00,+113.07E-03
-266.60E-03,+424.15E-03,-5.01508E+00,+12.56E-03
-265.60E-03,+427.92E-03,-5.06533E+00,+0.0E+00
-264.60E-03,+434.20E-03,-5.01508E+00,+402.01E-03
-263.60E-03,+409.08E-03,-5.05276E+00,+113.07E-03
-262.60E-03,+414.10E-03,-5.01508E+00,+100.50E-03
-261.60E-03,+399.03E-03,-5.15327E+00,+251.26E-03
-260.60E-03,+394.00E-03,-5.01508E+00,+201.01E-03
-259.60E-03,+373.90E-03,-5.01508E+00,+113.07E-03
-258.60E-03,+383.95E-03,-5.01508E+00,+12.56E-03
-257.60E-03,+367.62E-03,-5.01508E+00,+50.25E-03
-256.60E-03,+391.49E-03,-5.01508E+00,-201.01E-03
-255.60E-03,+353.80E-03,-5.21608E+00,+238.69E-03
-254.60E-03,+353.80E-03,-5.11558E+00,-62.81E-03
-253.60E-03,+338.73E-03,-5.06533E+00,-75.38E-03
-252.60E-03,+313.60E-03,-5.01508E+00,+188.44E-03
-251.60E-03,+317.37E-03,-5.16583E+00,-75.38E-03
-250.60E-03,+302.29E-03,-5.21608E+00,+12.56E-03
-249.60E-03,+293.50E-03,-5.06533E+00,+138.19E-03
-248.60E-03,+293.50E-03,-5.21608E+00,+0.0E+00
-247.60E-03,+278.42E-03,-5.01508E+00,+113.07E-03
-246.60E-03,+293.50E-03,-5.01508E+00,-62.81E-03
-245.60E-03,+273.40E-03,-5.01508E+00,+50.25E-03
-244.60E-03,+273.40E-03,-5.20352E+00,+188.44E-03
-243.60E-03,+253.30E-03,-5.05276E+00,+75.38E-03
-242.60E-03,+255.81E-03,-5.10302E+00,-62.81E-03
-241.60E-03,+268.37E-03,-5.06533E+00,+201.01E-03
-240.60E-03,+253.30E-03,-5.01508E+00,+188.44E-03
-239.60E-03,+249.53E-03,-5.01508E+00,+276.38E-03
-238.60E-03,+243.25E-03,-5.11558E+00,+12.56E-03
-237.60E-03,+253.30E-03,-5.21608E+00,+201.01E-03
-236.60E-03,+233.20E-03,-5.01508E+00,-188.44E-03
-235.60E-03,+233.20E-03,-5.01508E+00,+276.38E-03
-234.60E-03,+223.15E-03,-5.10302E+00,+12.56E-03
-233.60E-03,+233.20E-03,-5.15327E+00,-75.38E-03
-232.60E-03,+233.20E-03,-5.01508E+00,+0.0E+00
-231.60E-03,+249.53E-03,-5.05276E+00,+113.07E-03
-230.60E-03,+233.20E-03,-5.11558E+00,+100.50E-03
-229.60E-03,+219.38E-03,-5.06533E+00,+113.07E-03
-228.60E-03,+213.10E-03,-5.01508E+00,+0.0E+00
-227.60E-03,+218.12E-03,-5.16583E+00,+276.38E-03
-226.60E-03,+213.10E-03,-5.01508E+00,+213.57E-03
-225.60E-03,+233.20E-03,-5.15327E+00,-75.38E-03
-224.60E-03,+233.20E-03,-5.20352E+00,-188.44E-03
-223.60E-03,+218.12E-03,-5.01508E+00,+150.75E-03
-222.60E-03,+233.20E-03,-5.10302E+00,-62.81E-03
-221.60E-03,+213.10E-03,-5.06533E+00,-138.19E-03
-220.60E-03,+233.20E-03,-5.21608E+00,+402.01E-03
-219.60E-03,+218.12E-03,-5.16583E+00,+75.38E-03
-218.60E-03,+224.40E-03,-5.11558E+00,+12.56E-03
-217.60E-03,+213.10E-03,-5.01508E+00,+50.25E-03
-216.60E-03,+233.20E-03,-5.01508E+00,+188.44E-03
-215.60E-03,+233.20E-03,-5.01508E+00,+113.07E-03
-214.60E-03,+233.20E-03,-5.11558E+00,+12.56E-03
-213.60E-03,+228.17E-03,-5.01508E+00,+50.25E-03
-212.60E-03,+233.20E-03,-5.01508E+00,+0.0E+00
-211.60E-03,+213.10E-03,-5.21608E+00,+37.69E-03
-210.60E-03,+233.20E-03,-5.21608E+00,+12.56E-03
-209.60E-03,+213.10E-03,-5.09045E+00,-75.38E-03
-208.60E-03,+213.10E-03,-5.20352E+00,+188.44E-03
-207.60E-03,+213.10E-03,-5.01508E+00,+0.0E+00
-206.60E-03,+233.20E-03,-5.21608E+00,+12.56E-03
-205.60E-03,+228.17E-03,-5.15327E+00,+138.19E-03
-204.60E-03,+214.35E-03,-5.01508E+00,+201.01E-03
-203.60E-03,+218.12E-03,-5.05276E+00,-75.38E-03
-202.60E-03,+224.40E-03,-5.21608E+00,-87.94E-03
-201.60E-03,+213.10E-03,-5.06533E+00,-138.19E-03
-200.60E-03,+214.35E-03,-5.01508E+00,+0.0E+00
-199.60E-03,+218.12E-03,+4.98492E+00,+2.61307E+00
-198.60E-03,+213.10E-03,+4.83417E+00,-87.94E-03
-197.60E-03,+199.28E-03,+5.03518E+00,+2.62563E+00
-196.60E-03,+213.10E-03,+4.83417E+00,-351.76E-03
-195.60E-03,+209.33E-03,+4.87186E+00,+2.17337E+00
-194.60E-03,+193.00E-03,+4.83417E+00,+2.68844E+00
-193.60E-03,+172.90E-03,+4.83417E+00,+1.24372E+00
-192.60E-03,+172.90E-03,+5.02261E+00,+2.38693E+00
-191.60E-03,+172.90E-03,+4.83417E+00,+2.46231E+00
-190.60E-03,+172.90E-03,+4.83417E+00,-175.88E-03
-189.60E-03,+159.08E-03,+4.88442E+00,+2.83920E+00
-188.60E-03,+154.05E-03,+4.83417E+00,+2.80151E+00
-187.60E-03,+137.72E-03,+4.78392E+00,+2.33668E+00
-186.60E-03,+142.75E-03,+4.92211E+00,+753.77E-03
-185.60E-03,+152.80E-03,+4.83417E+00,-1.08040E+00
-184.60E-03,+132.70E-03,+4.83417E+00,+3.80653E+00
-183.60E-03,+132.70E-03,+5.03518E+00,+2.65075E+00
-182.60E-03,+152.80E-03,+4.83417E+00,+2.24874E+00
-181.60E-03,+138.98E-03,+4.83417E+00,-1.87186E+00
-180.60E-03,+132.70E-03,+4.83417E+00,+414.57E-03
-179.60E-03,+149.03E-03,+4.67085E+00,+829.15E-03
-178.60E-03,+144.00E-03,+4.83417E+00,+615.58E-03
-177.60E-03,+138.98E-03,+4.97236E+00,-1.30653E+00
-176.60E-03,+154.05E-03,+4.83417E+00,+3.73116E+00
-175.60E-03,+157.82E-03,+4.83417E+00,+2.95226E+00
-174.60E-03,+182.95E-03,+4.93467E+00,+238.69E-03
-173.60E-03,+193.00E-03,+4.83417E+00,+2.42462E+00
-172.60E-03,+194.25E-03,+4.83417E+00,+3.85678E+00
-171.60E-03,+213.10E-03,+4.98492E+00,+2.50000E+00
-170.60E-03,+244.51E-03,+4.83417E+00,+464.82E-03
-169.60E-03,+239.48E-03,+4.83417E+00,-1.39447E+00
-168.60E-03,+234.45E-03,+5.02261E+00,+3.81910E+00
-167.60E-03,+273.40E-03,+4.83417E+00,+2.33668E+00
-166.60E-03,+284.71E-03,+4.83417E+00,+2.36181E+00
-165.60E-03,+293.50E-03,+4.83417E+00,+552.76E-03
-164.60E-03,+312.34E-03,+4.83417E+00,+1.60804E+00
-163.60E-03,+313.60E-03,+4.83417E+00,+3.17839E+00
-162.60E-03,+333.70E-03,+4.83417E+00,+364.32E-03
-161.60E-03,+347.52E-03,+4.83417E+00,+2.90201E+00
-160.60E-03,+351.29E-03,+4.83417E+00,+3.93216E+00
-159.60E-03,+317.37E-03,+4.83417E+00,+213.57E-03
-158.60E-03,+333.70E-03,+4.83417E+00,+62.81E-03
-157.60E-03,+313.60E-03,+4.83417E+00,-1.46985E+00
-156.60E-03,+293.50E-03,+5.02261E+00,+2.65075E+00
-155.60E-03,+293.50E-03,+4.83417E+00,+2.41206E+00
-154.60E-03,+253.30E-03,+4.83417E+00,+2.13568E+00
-153.60E-03,+239.48E-03,+4.88442E+00,+2.23618E+00
-152.60E-03,+213.10E-03,+4.83417E+00,-766.33E-03
-151.60E-03,+193.00E-03,+4.83417E+00,+2.50000E+00
-150.60E-03,+164.10E-03,+4.93467E+00,+665.83E-03
-149.60E-03,+118.88E-03,+5.03518E+00,+2.41206E+00
-148.60E-03,+92.49E-03,+4.83417E+00,+2.72613E+00
-147.60E-03,+52.29E-03,+4.83417E+00,+703.52E-03
-146.60E-03,+3.30E-03,+4.92211E+00,+942.21E-03
-145.60E-03,-41.93E-03,+4.68342E+00,+1.79648E+00
-144.60E-03,-68.31E-03,+5.02261E+00,+628.14E-03
-143.60E-03,-112.28E-03,+4.83417E+00,+1.31910E+00
-142.60E-03,-168.81E-03,+4.72111E+00,-402.01E-03
-141.60E-03,-193.94E-03,+4.83417E+00,+1.21859E+00
-140.60E-03,-229.11E-03,+5.01005E+00,+3.55528E+00
-139.60E-03,-289.41E-03,+4.67085E+00,+2.82663E+00
-138.60E-03,-309.52E-03,+4.83417E+00,-251.26E-03
-137.60E-03,-354.74E-03,+4.83417E+00,+2.34925E+00
-136.60E-03,-389.92E-03,+4.83417E+00,+376.88E-03
-135.60E-03,-430.12E-03,+4.83417E+00,+2.83920E+00
-134.60E-03,-470.32E-03,+4.83417E+00,+1.49497E+00
-133.60E-03,-490.42E-03,+4.83417E+00,-1.40704E+00
-132.60E-03,-529.36E-03,+4.83417E+00,+1.10553E+00
-131.60E-03,-530.62E-03,+4.83417E+00,+2.60050E+00
-130.60E-03,-570.82E-03,+4.83417E+00,+276.38E-03
-129.60E-03,-584.64E-03,+4.83417E+00,+1.41960E+00
-128.60E-03,-590.92E-03,+4.83417E+00,+1.45729E+00
-127.60E-03,-631.12E-03,+5.03518E+00,+1.64573E+00
-126.60E-03,-641.17E-03,+4.83417E+00,+1.78392E+00
-125.60E-03,-651.22E-03,+4.77136E+00,+2.62563E+00
-124.60E-03,-651.22E-03,+4.83417E+00,+3.59296E+00
-123.60E-03,-691.42E-03,+4.83417E+00,+1.72111E+00
-122.60E-03,-691.42E-03,+4.83417E+00,+2.24874E+00
-121.60E-03,-711.53E-03,+4.83417E+00,-1.43216E+00
-120.60E-03,-711.53E-03,+4.83417E+00,-1.19347E+00
-119.60E-03,-711.53E-03,+4.83417E+00,-62.81E-03
-118.60E-03,-731.63E-03,+4.73367E+00,+1.36935E+00
-117.60E-03,-745.44E-03,+4.88442E+00,-389.45E-03
-116.60E-03,-731.63E-03,+4.82161E+00,+3.84422E+00
-115.60E-03,-735.39E-03,+4.83417E+00,-201.01E-03
-114.60E-03,-761.78E-03,+4.83417E+00,+163.32E-03
-113.60E-03,-765.55E-03,+5.03518E+00,+2.31156E+00
-112.60E-03,-751.73E-03,+4.83417E+00,-891.96E-03
-111.60E-03,-771.83E-03,+4.83417E+00,+3.06533E+00
-110.60E-03,-741.68E-03,+4.83417E+00,+1.36935E+00
-109.60E-03,-763.03E-03,+4.88442E+00,-464.82E-03
-108.60E-03,-771.83E-03,+4.83417E+00,-1.48241E+00
-107.60E-03,-766.80E-03,+4.98492E+00,+2.50000E+00
-106.60E-03,-761.78E-03,+4.83417E+00,+1.45729E+00
-105.60E-03,-756.75E-03,+4.97236E+00,-62.81E-03
-104.60E-03,-751.73E-03,+4.83417E+00,-1.30653E+00
-103.60E-03,-771.83E-03,+4.83417E+00,-263.82E-03
-102.60E-03,-771.83E-03,+4.83417E+00,+1.23116E+00
-101.60E-03,-756.75E-03,+4.88442E+00,+1.15578E+00
-100.60E-03,-770.57E-03,+4.83417E+00,+1.73367E+00
-99.60E-03,-755.49E-03,-5.21608E+00,-75.38E-03
-98.60E-03,-751.73E-03,-5.21608E+00,+100.50E-03
-97.60E-03,-751.73E-03,-5.21608E+00,+138.19E-03
-96.60E-03,-711.53E-03,-5.01508E+00,+188.44E-03
-95.60E-03,-686.40E-03,-5.16583E+00,+113.07E-03
-94.60E-03,-641.17E-03,-5.10302E+00,+201.01E-03
-93.60E-03,-604.74E-03,-5.15327E+00,-276.38E-03
-92.60E-03,-569.57E-03,-5.20352E+00,+0.0E+00
-91.60E-03,-505.49E-03,-5.05276E+00,+113.07E-03
-90.60E-03,-459.01E-03,-5.10302E+00,+12.56E-03
-89.60E-03,-410.02E-03,-5.06533E+00,-75.38E-03
-88.60E-03,-329.62E-03,-5.21608E+00,+201.01E-03
-87.60E-03,-269.31E-03,-5.05276E+00,-75.38E-03
-86.60E-03,-219.06E-03,-5.21608E+00,+100.50E-03
-85.60E-03,-148.71E-03,-5.15327E+00,+50.25E-03
-84.60E-03,-88.41E-03,-5.20352E+00,+201.01E-03
-83.60E-03,-28.11E-03,-5.16583E+00,+75.38E-03
-82.60E-03,+32.19E-03,-5.01508E+00,+100.50E-03
-81.60E-03,+87.47E-03,-5.01508E+00,+0.0E+00
-80.60E-03,+132.70E-03,-5.01508E+00,+201.01E-03
-79.60E-03,+177.92E-03,-5.01508E+00,+75.38E-03
-78.60E-03,+224.40E-03,-5.01508E+00,-87.94E-03
-77.60E-03,+268.37E-03,-4.86432E+00,+201.01E-03
-76.60E-03,+293.50E-03,-5.21608E+00,+0.0E+00
-75.60E-03,+313.60E-03,-5.16583E+00,-75.38E-03
-74.60E-03,+343.75E-03,-5.01508E+00,-87.94E-03
-73.60E-03,+367.62E-03,-5.06533E+00,+0.0E+00
-72.60E-03,+373.90E-03,-5.21608E+00,+0.0E+00
-71.60E-03,+409.08E-03,-5.01508E+00,+276.38E-03
-70.60E-03,+402.80E-03,-5.10302E+00,+100.50E-03
-69.60E-03,+414.10E-03,-5.01508E+00,+50.25E-03
-68.60E-03,+414.10E-03,-4.82663E+00,+201.01E-03
-67.60E-03,+429.18E-03,-5.21608E+00,+113.07E-03
-66.60E-03,+422.90E-03,-5.10302E+00,+12.56E-03
-65.60E-03,+427.92E-03,-5.01508E+00,-75.38E-03
-64.60E-03,+414.10E-03,-5.39196E+00,+0.0E+00
-63.60E-03,+434.20E-03,-5.16583E+00,-37.69E-03
-62.60E-03,+402.80E-03,-5.10302E+00,+12.56E-03
-61.60E-03,+394.00E-03,-5.01508E+00,+50.25E-03
-60.60E-03,+394.00E-03,-5.01508E+00,-175.88E-03
-59.60E-03,+394.00E-03,-5.16583E+00,-37.69E-03
-58.60E-03,+383.95E-03,-5.11558E+00,-62.81E-03
-57.60E-03,+367.62E-03,-5.06533E+00,+50.25E-03
-56.60E-03,+373.90E-03,-5.20352E+00,+175.88E-03
-55.60E-03,+353.80E-03,-5.01508E+00,+113.07E-03
-54.60E-03,+343.75E-03,-5.01508E+00,+201.01E-03
-53.60E-03,+333.70E-03,-5.01508E+00,-75.38E-03
-52.60E-03,+313.60E-03,-5.01508E+00,+201.01E-03
-51.60E-03,+328.68E-03,-5.16583E+00,+113.07E-03
-50.60E-03,+302.29E-03,-5.10302E+00,+12.56E-03
-49.60E-03,+293.50E-03,-5.21608E+00,-138.19E-03
-48.60E-03,+293.50E-03,-5.21608E+00,-175.88E-03
-47.60E-03,+273.40E-03,-5.16583E+00,+113.07E-03
-46.60E-03,+293.50E-03,-5.21608E+00,+100.50E-03
-45.60E-03,+288.47E-03,-5.06533E+00,-138.19E-03
-44.60E-03,+293.50E-03,-5.01508E+00,-175.88E-03
-43.60E-03,+273.40E-03,-5.05276E+00,+113.07E-03
-42.60E-03,+273.40E-03,-5.21608E+00,+12.56E-03
-41.60E-03,+248.27E-03,-5.01508E+00,-138.19E-03
-40.60E-03,+234.45E-03,-5.01508E+00,+0.0E+00
-39.60E-03,+238.22E-03,-5.21608E+00,+75.38E-03
-38.60E-03,+233.20E-03,-5.21608E+00,-62.81E-03
-37.60E-03,+253.30E-03,-5.21608E+00,-75.38E-03
-36.60E-03,+234.45E-03,-5.01508E+00,+0.0E+00
-35.60E-03,+233.20E-03,-5.05276E+00,+113.07E-03
-34.60E-03,+224.40E-03,-5.11558E+00,+12.56E-03
-33.60E-03,+233.20E-03,-5.21608E+00,+138.19E-03
-32.60E-03,+233.20E-03,-5.01508E+00,+0.0E+00
-31.60E-03,+233.20E-03,-5.21608E+00,+75.38E-03
-30.60E-03,+224.40E-03,-5.21608E+00,+100.50E-03
-29.60E-03,+233.20E-03,-5.21608E+00,+201.01E-03
-28.60E-03,+233.20E-03,-5.21608E+00,-175.88E-03
-27.60E-03,+213.10E-03,-4.85176E+00,+238.69E-03
-26.60E-03,+213.10E-03,-5.01508E+00,+12.56E-03
-25.60E-03,+199.28E-03,-5.15327E+00,-351.76E-03
-24.60E-03,+215.61E-03,-5.01508E+00,+0.0E+00
-23.60E-03,+218.12E-03,-5.01508E+00,-238.69E-03
-22.60E-03,+213.10E-03,-5.10302E+00,-62.81E-03
-21.60E-03,+213.10E-03,-5.01508E+00,+50.25E-03
-20.60E-03,+213.10E-03,-5.01508E+00,+201.01E-03
-19.60E-03,+213.10E-03,-5.01508E+00,+75.38E-03
-18.60E-03,+213.10E-03,-5.01508E+00,+100.50E-03
-17.60E-03,+213.10E-03,-5.01508E+00,+50.25E-03
-16.60E-03,+214.35E-03,-5.20352E+00,+188.44E-03
-15.60E-03,+233.20E-03,-5.01508E+00,+150.75E-03
-14.60E-03,+213.10E-03,-5.10302E+00,+12.56E-03
-13.60E-03,+219.38E-03,-4.86432E+00,+50.25E-03
-12.60E-03,+213.10E-03,-5.21608E+00,+188.44E-03
-11.60E-03,+213.10E-03,-5.21608E+00,+113.07E-03
-10.60E-03,+224.40E-03,-5.01508E+00,+12.56E-03
-9.60E-03,+219.38E-03,-5.06533E+00,-75.38E-03
-8.60E-03,+214.35E-03,-5.20352E+00,+201.01E-03
-7.60E-03,+229.43E-03,-5.01508E+00,-37.69E-03
-6.60E-03,+223.15E-03,-5.10302E+00,+100.50E-03
-5.60E-03,+205.56E-03,-5.01508E+00,-75.38E-03
-4.60E-03,+214.35E-03,-5.01508E+00,+188.44E-03
-3.60E-03,+213.10E-03,-5.01508E+00,+75.38E-03
-2.60E-03,+224.40E-03,-5.01508E+00,-62.81E-03
-1.60E-03,+228.17E-03,-5.06533E+00,-138.19E-03
-600E-06,+233.20E-03,-5.01508E+00,+0.0E+00
+400E-06,+229.43E-03,+5.03518E+00,+2.70101E+00
+1.40E-03,+213.10E-03,+4.83417E+00,+1.36935E+00
+2.40E-03,+208.07E-03,+4.83417E+00,-364.32E-03
+3.40E-03,+213.10E-03,+4.83417E+00,+3.34171E+00
+4.40E-03,+193.00E-03,+4.87186E+00,+2.78894E+00
+5.40E-03,+184.20E-03,+4.83417E+00,+351.76E-03
+6.40E-03,+187.97E-03,+4.88442E+00,+3.24121E+00
+7.40E-03,+172.90E-03,+4.63317E+00,+2.41206E+00
+8.40E-03,+172.90E-03,+4.83417E+00,+2.19849E+00
+9.40E-03,+164.10E-03,+4.73367E+00,+1.40704E+00
+10.40E-03,+167.87E-03,+4.83417E+00,+1.10553E+00
+11.40E-03,+152.80E-03,+4.83417E+00,+3.42965E+00
+12.40E-03,+152.80E-03,+4.98492E+00,+2.71357E+00
+13.40E-03,+142.75E-03,+4.73367E+00,+552.76E-03
+14.40E-03,+138.98E-03,+4.83417E+00,-603.02E-03
+15.40E-03,+133.95E-03,+4.83417E+00,-1.50754E+00
+16.40E-03,+137.72E-03,+4.98492E+00,+2.68844E+00
+17.40E-03,+122.65E-03,+4.83417E+00,+2.63819E+00
+18.40E-03,+125.16E-03,+4.83417E+00,+1.55779E+00
+19.40E-03,+132.70E-03,+5.02261E+00,-1.50754E+00
+20.40E-03,+152.80E-03,+4.83417E+00,+2.50000E+00
+21.40E-03,+132.70E-03,+4.83417E+00,+628.14E-03
+22.40E-03,+159.08E-03,+4.83417E+00,+1.38191E+00
+23.40E-03,+154.05E-03,+4.83417E+00,+3.99497E+00
+24.40E-03,+169.13E-03,+4.83417E+00,+439.70E-03
+25.40E-03,+184.20E-03,+4.83417E+00,+665.83E-03
+26.40E-03,+193.00E-03,+4.83417E+00,+2.90201E+00
+27.40E-03,+193.00E-03,+4.82161E+00,+1.18090E+00
+28.40E-03,+213.10E-03,+4.83417E+00,+2.33668E+00
+29.40E-03,+231.94E-03,+4.73367E+00,+439.70E-03
+30.40E-03,+253.30E-03,+4.88442E+00,-1.24372E+00
+31.40E-03,+253.30E-03,+4.83417E+00,-1.45729E+00
+32.40E-03,+289.73E-03,+4.87186E+00,+1.23116E+00
+33.40E-03,+284.71E-03,+4.83417E+00,-226.13E-03
+34.40E-03,+313.60E-03,+4.68342E+00,-1.19347E+00
+35.40E-03,+313.60E-03,+4.83417E+00,+1.63317E+00
+36.40E-03,+317.37E-03,+4.83417E+00,-841.71E-03
+37.40E-03,+322.39E-03,+4.83417E+00,+1.11809E+00
+38.40E-03,+333.70E-03,+4.83417E+00,+2.76382E+00
+39.40E-03,+333.70E-03,+4.83417E+00,+2.09799E+00
+40.40E-03,+333.70E-03,+4.83417E+00,-427.14E-03
+41.40E-03,+323.65E-03,+4.83417E+00,+1.45729E+00
+42.40E-03,+313.60E-03,+4.83417E+00,+2.14824E+00
+43.40E-03,+313.60E-03,+5.02261E+00,+2.42462E+00
+44.40E-03,+289.73E-03,+4.98492E+00,+2.36181E+00
+45.40E-03,+273.40E-03,+4.83417E+00,+1.06784E+00
+46.40E-03,+253.30E-03,+4.97236E+00,-364.32E-03
+47.40E-03,+214.35E-03,+5.02261E+00,+3.41709E+00
+48.40E-03,+193.00E-03,+4.83417E+00,+2.77638E+00
+49.40E-03,+152.80E-03,+4.72111E+00,+2.86432E+00
+50.40E-03,+112.60E-03,+4.83417E+00,+2.42462E+00
+51.40E-03,+92.49E-03,+4.83417E+00,+2.67588E+00
+52.40E-03,+52.29E-03,+4.98492E+00,+2.37437E+00
+53.40E-03,+12.09E-03,+4.73367E+00,+1.15578E+00
+54.40E-03,-33.13E-03,+4.83417E+00,+1.87186E+00
+55.40E-03,-68.31E-03,+4.83417E+00,-1.72111E+00
+56.40E-03,-123.59E-03,+4.98492E+00,+2.50000E+00
+57.40E-03,-157.51E-03,+4.93467E+00,+138.19E-03
+58.40E-03,-209.01E-03,+4.83417E+00,-301.51E-03
+59.40E-03,-247.96E-03,+4.83417E+00,-1.28141E+00
+60.40E-03,-289.41E-03,+4.83417E+00,+1.18090E+00
+61.40E-03,-309.52E-03,+4.83417E+00,+1.45729E+00
+62.40E-03,-369.82E-03,+4.77136E+00,+2.17337E+00
+63.40E-03,-369.82E-03,+4.83417E+00,+3.81910E+00
+64.40E-03,-441.42E-03,+4.78392E+00,-603.02E-03
+65.40E-03,-450.22E-03,+4.63317E+00,+1.63317E+00
+66.40E-03,-484.14E-03,+4.97236E+00,+2.29899E+00
+67.40E-03,-510.52E-03,+4.83417E+00,+3.81910E+00
+68.40E-03,-550.72E-03,+4.98492E+00,+653.27E-03
+69.40E-03,-560.77E-03,+4.83417E+00,+150.75E-03
+70.40E-03,-590.92E-03,+4.83417E+00,+829.15E-03
+71.40E-03,-611.02E-03,+4.83417E+00,+3.44221E+00
+72.40E-03,-614.79E-03,+4.83417E+00,+2.61307E+00
+73.40E-03,-641.17E-03,+4.83417E+00,+2.26131E+00
+74.40E-03,-671.32E-03,+4.83417E+00,+3.45477E+00
+75.40E-03,-671.32E-03,+5.02261E+00,+50.25E-03
+76.40E-03,-682.63E-03,+4.98492E+00,+1.75879E+00
+77.40E-03,-701.47E-03,+4.93467E+00,+263.82E-03
+78.40E-03,-705.24E-03,+4.83417E+00,-804.02E-03
+79.40E-03,-711.53E-03,+5.02261E+00,-2.01005E+00
+80.40E-03,-715.29E-03,+4.83417E+00,+1.34422E+00
+81.40E-03,-731.63E-03,+4.83417E+00,+690.95E-03
+82.40E-03,-731.63E-03,+4.83417E+00,-741.21E-03
+83.40E-03,-751.73E-03,+4.83417E+00,+2.16080E+00
+84.40E-03,-751.73E-03,+4.83417E+00,+2.18593E+00
+85.40E-03,-751.73E-03,+4.92211E+00,+1.45729E+00
+86.40E-03,-759.26E-03,+4.83417E+00,+603.02E-03
+87.40E-03,-771.83E-03,+4.83417E+00,-2.26131E+00
+88.40E-03,-766.80E-03,+4.83417E+00,+276.38E-03
+89.40E-03,-751.73E-03,+4.83417E+00,+590.45E-03
+90.40E-03,-771.83E-03,+4.83417E+00,+2.28643E+00
+91.40E-03,-771.83E-03,+5.02261E+00,+4.00754E+00
+92.40E-03,-766.80E-03,+4.83417E+00,+477.39E-03
+93.40E-03,-761.78E-03,+4.83417E+00,+1.54523E+00
+94.40E-03,-771.83E-03,+4.83417E+00,+3.31658E+00
+95.40E-03,-751.73E-03,+4.83417E+00,+1.55779E+00
+96.40E-03,-766.80E-03,+4.78392E+00,+741.21E-03
+97.40E-03,-760.52E-03,+4.83417E+00,+489.95E-03
+98.40E-03,-763.03E-03,+4.83417E+00,+565.33E-03
+99.40E-03,-770.57E-03,+4.83417E+00,+2.28643E+00
+100.40E-03,-755.49E-03,-5.21608E+00,-37.69E-03
+101.40E-03,-761.78E-03,-5.11558E+00,+100.50E-03
+102.40E-03,-745.44E-03,-5.15327E+00,+50.25E-03
+103.40E-03,-730.37E-03,-5.21608E+00,+0.0E+00
+104.40E-03,-691.42E-03,-5.01508E+00,+75.38E-03
+105.40E-03,-651.22E-03,-5.01508E+00,+12.56E-03
+106.40E-03,-611.02E-03,-5.15327E+00,+0.0E+00
+107.40E-03,-550.72E-03,-5.20352E+00,+188.44E-03
+108.40E-03,-510.52E-03,-5.05276E+00,-75.38E-03
+109.40E-03,-450.22E-03,-5.10302E+00,+201.01E-03
+110.40E-03,-403.74E-03,-5.15327E+00,+0.0E+00
+111.40E-03,-329.62E-03,-5.21608E+00,+201.01E-03
+112.40E-03,-264.29E-03,-5.16583E+00,+150.75E-03
+113.40E-03,-198.96E-03,-5.01508E+00,+12.56E-03
+114.40E-03,-148.71E-03,-5.15327E+00,-75.38E-03
+115.40E-03,-88.41E-03,-5.20352E+00,-188.44E-03
+116.40E-03,-8.01E-03,-5.16583E+00,+75.38E-03
+117.40E-03,+42.24E-03,-5.10302E+00,+100.50E-03
+118.40E-03,+87.47E-03,-5.01508E+00,-75.38E-03
+119.40E-03,+132.70E-03,-5.20352E+00,+0.0E+00
+120.40E-03,+172.90E-03,-5.05276E+00,-37.69E-03
+121.40E-03,+223.15E-03,-5.01508E+00,+100.50E-03
+122.40E-03,+233.20E-03,-5.06533E+00,-75.38E-03
+123.40E-03,+274.66E-03,-5.01508E+00,-188.44E-03
+124.40E-03,+313.60E-03,-5.01508E+00,-238.69E-03
+125.40E-03,+353.80E-03,-5.01508E+00,+12.56E-03
+126.40E-03,+387.72E-03,-5.06533E+00,-276.38E-03
+127.40E-03,+392.75E-03,-5.01508E+00,+0.0E+00
+128.40E-03,+397.77E-03,-5.05276E+00,-37.69E-03
+129.40E-03,+402.80E-03,-5.01508E+00,+12.56E-03
+130.40E-03,+401.54E-03,-5.01508E+00,-138.19E-03
+131.40E-03,+432.95E-03,-5.00251E+00,+0.0E+00
+132.40E-03,+414.10E-03,-5.01508E+00,+113.07E-03
+133.40E-03,+424.15E-03,-5.01508E+00,+100.50E-03
+134.40E-03,+419.13E-03,-5.06533E+00,-138.19E-03
+135.40E-03,+395.26E-03,-5.20352E+00,+201.01E-03
+136.40E-03,+397.77E-03,-5.21608E+00,+113.07E-03
+137.40E-03,+414.10E-03,-5.11558E+00,+12.56E-03
+138.40E-03,+394.00E-03,-5.15327E+00,-75.38E-03
+139.40E-03,+394.00E-03,-5.21608E+00,-188.44E-03
+140.40E-03,+388.98E-03,-5.16583E+00,-201.01E-03
+141.40E-03,+383.95E-03,-5.21608E+00,-62.81E-03
+142.40E-03,+373.90E-03,-5.01508E+00,+201.01E-03
+143.40E-03,+353.80E-03,-5.01508E+00,+0.0E+00
+144.40E-03,+348.78E-03,-5.01508E+00,+113.07E-03
+145.40E-03,+333.70E-03,-5.01508E+00,+100.50E-03
+146.40E-03,+347.52E-03,-5.01508E+00,-75.38E-03
+147.40E-03,+313.60E-03,-4.82663E+00,+0.0E+00
+148.40E-03,+317.37E-03,-5.01508E+00,+0.0E+00
+149.40E-03,+313.60E-03,-5.01508E+00,-87.94E-03
+150.40E-03,+313.60E-03,-5.01508E+00,+50.25E-03
+151.40E-03,+293.50E-03,-5.20352E+00,+201.01E-03
+152.40E-03,+293.50E-03,-5.05276E+00,+150.75E-03
+153.40E-03,+273.40E-03,-5.11558E+00,+100.50E-03
+154.40E-03,+273.40E-03,-5.21608E+00,-138.19E-03
+155.40E-03,+273.40E-03,-5.01508E+00,-175.88E-03
+156.40E-03,+269.63E-03,-5.16583E+00,+113.07E-03
+157.40E-03,+255.81E-03,-5.01508E+00,-87.94E-03
+158.40E-03,+253.30E-03,-5.01508E+00,-75.38E-03
+159.40E-03,+253.30E-03,-5.01508E+00,+188.44E-03
+160.40E-03,+233.20E-03,-5.16583E+00,+150.75E-03
+161.40E-03,+243.25E-03,-5.01508E+00,+12.56E-03
+162.40E-03,+233.20E-03,-5.06533E+00,+138.19E-03
+163.40E-03,+253.30E-03,-5.20352E+00,+389.45E-03
+164.40E-03,+238.22E-03,-5.21608E+00,+113.07E-03
+165.40E-03,+233.20E-03,-5.01508E+00,+12.56E-03
+166.40E-03,+233.20E-03,-5.01508E+00,-75.38E-03
+167.40E-03,+253.30E-03,-5.01508E+00,-188.44E-03
+168.40E-03,+229.43E-03,-5.01508E+00,+113.07E-03
+169.40E-03,+233.20E-03,-5.11558E+00,+125.63E-03
+170.40E-03,+219.38E-03,-5.06533E+00,+50.25E-03
+171.40E-03,+233.20E-03,-5.01508E+00,-175.88E-03
+172.40E-03,+229.43E-03,-5.05276E+00,-37.69E-03
+173.40E-03,+224.40E-03,-5.11558E+00,+100.50E-03
+174.40E-03,+219.38E-03,-5.15327E+00,+0.0E+00
+175.40E-03,+233.20E-03,-5.01508E+00,-175.88E-03
+176.40E-03,+218.12E-03,-5.01508E+00,+150.75E-03
+177.40E-03,+224.40E-03,-5.10302E+00,-87.94E-03
+178.40E-03,+228.17E-03,-5.01508E+00,+113.07E-03
+179.40E-03,+233.20E-03,-5.20352E+00,+201.01E-03
+180.40E-03,+229.43E-03,-5.16583E+00,+75.38E-03
+181.40E-03,+223.15E-03,-5.10302E+00,-62.81E-03
+182.40E-03,+219.38E-03,-5.01508E+00,-75.38E-03
+183.40E-03,+233.20E-03,-5.20352E+00,+188.44E-03
+184.40E-03,+233.20E-03,-5.16583E+00,+113.07E-03
+185.40E-03,+223.15E-03,-5.01508E+00,-87.94E-03
+186.40E-03,+233.20E-03,-5.01508E+00,+50.25E-03
+187.40E-03,+233.20E-03,-5.01508E+00,-188.44E-03
+188.40E-03,+213.10E-03,-5.16583E+00,+113.07E-03
+189.40E-03,+233.20E-03,-5.10302E+00,+100.50E-03
+190.40E-03,+213.10E-03,-5.01508E+00,-339.20E-03
+191.40E-03,+233.20E-03,-5.01508E+00,-175.88E-03
+192.40E-03,+218.12E-03,-5.05276E+00,+113.07E-03
+193.40E-03,+233.20E-03,-5.21608E+00,+100.50E-03
+194.40E-03,+213.10E-03,-5.01508E+00,-75.38E-03
+195.40E-03,+233.20E-03,-5.01508E+00,-188.44E-03
+196.40E-03,+218.12E-03,-5.05276E+00,-37.69E-03
+197.40E-03,+213.10E-03,-5.01508E+00,-62.81E-03
+198.40E-03,+219.38E-03,-5.01508E+00,+50.25E-03
+199.40E-03,+195.51E-03,-5.01508E+00,+201.01E-03
+200.40E-03,+229.43E-03,+4.98492E+00,+2.53769E+00
+201.40E-03,+213.10E-03,+4.92211E+00,+1.29397E+00
+202.40E-03,+213.10E-03,+4.97236E+00,+1.25628E+00
+203.40E-03,+175.41E-03,+4.83417E+00,+2.52513E+00
+204.40E-03,+193.00E-03,+4.83417E+00,+1.80905E+00
+205.40E-03,+193.00E-03,+4.83417E+00,+690.95E-03
+206.40E-03,+187.97E-03,+4.97236E+00,-1.15578E+00
+207.40E-03,+174.15E-03,+5.02261E+00,+3.02764E+00
+208.40E-03,+189.23E-03,+4.83417E+00,+665.83E-03
+209.40E-03,+152.80E-03,+4.83417E+00,+728.64E-03
+210.40E-03,+172.90E-03,+4.83417E+00,-326.63E-03
+211.40E-03,+172.90E-03,+4.82161E+00,+3.61809E+00
+212.40E-03,+152.80E-03,+4.87186E+00,+376.88E-03
+213.40E-03,+132.70E-03,+4.84673E+00,+1.60804E+00
+214.40E-03,+138.98E-03,+4.83417E+00,+3.10302E+00
+215.40E-03,+133.95E-03,+4.63317E+00,+402.01E-03
+216.40E-03,+132.70E-03,+4.83417E+00,+175.88E-03
+217.40E-03,+152.80E-03,+4.72111E+00,+62.81E-03
+218.40E-03,+132.70E-03,+4.83417E+00,-1.60804E+00
+219.40E-03,+132.70E-03,+5.02261E+00,+2.11055E+00
+220.40E-03,+132.70E-03,+4.87186E+00,+226.13E-03
+221.40E-03,+155.31E-03,+4.93467E+00,-87.94E-03
+222.40E-03,+152.80E-03,+4.83417E+00,+703.52E-03
+223.40E-03,+191.74E-03,+5.03518E+00,+3.17839E+00
+224.40E-03,+172.90E-03,+4.83417E+00,+791.46E-03
+225.40E-03,+172.90E-03,+4.72111E+00,+1.34422E+00
+226.40E-03,+179.18E-03,+4.83417E+00,+3.04020E+00
+227.40E-03,+194.25E-03,+4.83417E+00,+1.01759E+00
+228.40E-03,+213.10E-03,+4.78392E+00,+1.80905E+00
+229.40E-03,+233.20E-03,+4.83417E+00,+1.06784E+00
+230.40E-03,+253.30E-03,+4.83417E+00,-251.26E-03
+231.40E-03,+254.56E-03,+4.83417E+00,-125.63E-03
+232.40E-03,+273.40E-03,+4.87186E+00,+2.16080E+00
+233.40E-03,+284.71E-03,+4.83417E+00,+2.22362E+00
+234.40E-03,+293.50E-03,+4.83417E+00,-2.11055E+00
+235.40E-03,+332.44E-03,+4.83417E+00,+1.68342E+00
+236.40E-03,+317.37E-03,+4.83417E+00,-917.09E-03
+237.40E-03,+323.65E-03,+4.92211E+00,+1.08040E+00
+238.40E-03,+338.73E-03,+4.77136E+00,+1.52010E+00
+239.40E-03,+333.70E-03,+5.02261E+00,-2.02261E+00
+240.40E-03,+328.68E-03,+4.83417E+00,+1.03015E+00
+241.40E-03,+343.75E-03,+4.83417E+00,+2.60050E+00
+242.40E-03,+327.42E-03,+4.97236E+00,-1.43216E+00
+243.40E-03,+312.34E-03,+5.02261E+00,+3.81910E+00
+244.40E-03,+278.42E-03,+4.70854E+00,+2.48744E+00
+245.40E-03,+273.40E-03,+4.73367E+00,+552.76E-03
+246.40E-03,+253.30E-03,+4.97236E+00,+1.29397E+00
+247.40E-03,+233.20E-03,+5.02261E+00,+50.25E-03
+248.40E-03,+193.00E-03,+4.83417E+00,+2.29899E+00
+249.40E-03,+164.10E-03,+4.73367E+00,-150.75E-03
+250.40E-03,+112.60E-03,+4.83417E+00,+690.95E-03
+251.40E-03,+92.49E-03,+5.02261E+00,+917.09E-03
+252.40E-03,+64.86E-03,+4.98492E+00,+1.68342E+00
+253.40E-03,+22.14E-03,+4.83417E+00,+1.40704E+00
+254.40E-03,-28.11E-03,+4.97236E+00,+138.19E-03
+255.40E-03,-68.31E-03,+4.83417E+00,+3.06533E+00
+256.40E-03,-123.59E-03,+4.83417E+00,+138.19E-03
+257.40E-03,-170.07E-03,+4.72111E+00,+665.83E-03
+258.40E-03,-188.91E-03,+4.74623E+00,-1.85930E+00
+259.40E-03,-229.11E-03,+5.02261E+00,-2.47487E+00
+260.40E-03,-269.31E-03,+4.83417E+00,+2.53769E+00
+261.40E-03,-329.62E-03,+4.83417E+00,+125.63E-03
+262.40E-03,-349.72E-03,+4.83417E+00,-339.20E-03
+263.40E-03,-369.82E-03,+4.83417E+00,+201.01E-03
+264.40E-03,-430.12E-03,+4.83417E+00,+2.17337E+00
+265.40E-03,-450.22E-03,+4.83417E+00,+615.58E-03
+266.40E-03,-484.14E-03,+4.83417E+00,-665.83E-03
+267.40E-03,-509.26E-03,+4.83417E+00,+3.65578E+00
+268.40E-03,-530.62E-03,+4.83417E+00,+2.39950E+00
+269.40E-03,-559.52E-03,+4.73367E+00,+1.34422E+00
+270.40E-03,-575.85E-03,+4.88442E+00,-1.43216E+00
+271.40E-03,-611.02E-03,+5.02261E+00,-778.89E-03
+272.40E-03,-611.02E-03,+4.83417E+00,-590.45E-03
+273.40E-03,-651.22E-03,+4.73367E+00,-1.05528E+00
+274.40E-03,-651.22E-03,+4.83417E+00,-1.23116E+00
+275.40E-03,-671.32E-03,+4.83417E+00,+1.53266E+00
+276.40E-03,-675.09E-03,+4.83417E+00,-351.76E-03
+277.40E-03,-691.42E-03,+4.92211E+00,+1.46985E+00
+278.40E-03,-725.34E-03,+4.83417E+00,-1.41960E+00
+279.40E-03,-711.53E-03,+4.83417E+00,-2.53769E+00
+280.40E-03,-731.63E-03,+4.83417E+00,+376.88E-03
+281.40E-03,-731.63E-03,+4.83417E+00,+929.65E-03
+282.40E-03,-736.65E-03,+4.88442E+00,+1.65829E+00
+283.40E-03,-751.73E-03,+4.83417E+00,+3.25377E+00
+284.40E-03,-751.73E-03,+4.83417E+00,-791.46E-03
+285.40E-03,-751.73E-03,+4.83417E+00,+1.19347E+00
+286.40E-03,-751.73E-03,+4.83417E+00,-1.28141E+00
+287.40E-03,-751.73E-03,+4.83417E+00,-326.63E-03
+288.40E-03,-766.80E-03,+4.98492E+00,-778.89E-03
+289.40E-03,-760.52E-03,+4.93467E+00,+1.80905E+00
+290.40E-03,-771.83E-03,+4.97236E+00,+2.46231E+00
+291.40E-03,-771.83E-03,+4.83417E+00,-1.52010E+00
+292.40E-03,-771.83E-03,+4.87186E+00,+2.01005E+00
+293.40E-03,-771.83E-03,+4.83417E+00,+1.70854E+00
+294.40E-03,-771.83E-03,+4.83417E+00,+1.20603E+00
+295.40E-03,-751.73E-03,+4.83417E+00,+3.55528E+00
+296.40E-03,-771.83E-03,+4.83417E+00,+1.67085E+00
+297.40E-03,-751.73E-03,+4.83417E+00,+1.45729E+00
+298.40E-03,-771.83E-03,+4.83417E+00,+150.75E-03
+299.40E-03,-751.73E-03,+4.83417E+00,+992.46E-03
+300.40E-03,-735.39E-03,-5.05276E+00,+113.07E-03
+301.40E-03,-731.63E-03,-5.10302E+00,+100.50E-03
+302.40E-03,-736.65E-03,-5.15327E+00,-75.38E-03
+303.40E-03,-711.53E-03,-5.21608E+00,+201.01E-03
+304.40E-03,-675.09E-03,-5.05276E+00,-238.69E-03
+305.40E-03,-660.02E-03,-5.11558E+00,+125.63E-03
+306.40E-03,-611.02E-03,-5.15327E+00,+50.25E-03
+307.40E-03,-569.57E-03,-5.01508E+00,-175.88E-03
+308.40E-03,-505.49E-03,-5.05276E+00,-238.69E-03
+309.40E-03,-459.01E-03,-5.01508E+00,-62.81E-03
+310.40E-03,-374.84E-03,-5.06533E+00,-150.75E-03
+311.40E-03,-329.62E-03,-5.20352E+00,+0.0E+00
+312.40E-03,-256.75E-03,-5.21608E+00,-75.38E-03
+313.40E-03,-188.91E-03,-5.01508E+00,+12.56E-03
+314.40E-03,-133.64E-03,-5.06533E+00,-75.38E-03
+315.40E-03,-88.41E-03,-5.01508E+00,-175.88E-03
+316.40E-03,-11.78E-03,-5.05276E+00,-37.69E-03
+317.40E-03,+32.19E-03,-5.01508E+00,-62.81E-03
+318.40E-03,+78.68E-03,-5.21608E+00,+201.01E-03
+319.40E-03,+115.11E-03,-5.20352E+00,+201.01E-03
+320.40E-03,+172.90E-03,-5.21608E+00,+0.0E+00
+321.40E-03,+213.10E-03,-5.11558E+00,+12.56E-03
+322.40E-03,+253.30E-03,-5.15327E+00,-213.57E-03
+323.40E-03,+293.50E-03,-5.20352E+00,-188.44E-03
+324.40E-03,+313.60E-03,-5.16583E+00,-201.01E-03
+325.40E-03,+322.39E-03,-5.01508E+00,+12.56E-03
+326.40E-03,+353.80E-03,-5.15327E+00,-276.38E-03
+327.40E-03,+394.00E-03,-5.20352E+00,-188.44E-03
+328.40E-03,+409.08E-03,-5.01508E+00,-75.38E-03
+329.40E-03,+414.10E-03,-5.11558E+00,+125.63E-03
+330.40E-03,+419.13E-03,-5.01508E+00,-75.38E-03
+331.40E-03,+394.00E-03,-5.21608E+00,+0.0E+00
+332.40E-03,+417.87E-03,-5.05276E+00,-75.38E-03
+333.40E-03,+444.25E-03,-5.10302E+00,+12.56E-03
+334.40E-03,+419.13E-03,-5.01508E+00,-213.57E-03
+335.40E-03,+414.10E-03,-5.20352E+00,+0.0E+00
+336.40E-03,+414.10E-03,-5.05276E+00,+75.38E-03
+337.40E-03,+414.10E-03,-5.01508E+00,-87.94E-03
+338.40E-03,+407.82E-03,-5.01508E+00,-75.38E-03
+339.40E-03,+394.00E-03,-5.01508E+00,+0.0E+00
+340.40E-03,+377.67E-03,-5.16583E+00,+113.07E-03
+341.40E-03,+373.90E-03,-5.21608E+00,-62.81E-03
+342.40E-03,+373.90E-03,-5.01508E+00,-75.38E-03
+343.40E-03,+353.80E-03,-5.00251E+00,+0.0E+00
+344.40E-03,+353.80E-03,-5.16583E+00,+113.07E-03
+345.40E-03,+343.75E-03,-5.11558E+00,-62.81E-03
+346.40E-03,+347.52E-03,-5.15327E+00,-276.38E-03
+347.40E-03,+313.60E-03,-5.01508E+00,+0.0E+00
+348.40E-03,+313.60E-03,-5.21608E+00,-37.69E-03
+349.40E-03,+302.29E-03,-5.10302E+00,+12.56E-03
+350.40E-03,+307.32E-03,-5.06533E+00,-75.38E-03
+351.40E-03,+293.50E-03,-5.01508E+00,+0.0E+00
+352.40E-03,+293.50E-03,-5.01508E+00,+113.07E-03
+353.40E-03,+273.40E-03,-5.11558E+00,+12.56E-03
+354.40E-03,+288.47E-03,-5.06533E+00,-138.19E-03
+355.40E-03,+273.40E-03,-5.01508E+00,+0.0E+00
+356.40E-03,+253.30E-03,-5.21608E+00,+113.07E-03
+357.40E-03,+264.61E-03,-5.11558E+00,-62.81E-03
+358.40E-03,+253.30E-03,-5.15327E+00,+50.25E-03
+359.40E-03,+234.45E-03,-5.01508E+00,+188.44E-03
+360.40E-03,+233.20E-03,-5.21608E+00,-37.69E-03
+361.40E-03,+243.25E-03,-5.01508E+00,+12.56E-03
+362.40E-03,+233.20E-03,-4.95226E+00,-75.38E-03
+363.40E-03,+253.30E-03,-5.21608E+00,+201.01E-03
+364.40E-03,+233.20E-03,-5.09045E+00,+75.38E-03
+365.40E-03,+233.20E-03,-5.10302E+00,-87.94E-03
+366.40E-03,+233.20E-03,-5.06533E+00,-75.38E-03
+367.40E-03,+233.20E-03,-5.01508E+00,+188.44E-03
+368.40E-03,+233.20E-03,-5.01508E+00,-37.69E-03
+369.40E-03,+224.40E-03,-5.01508E+00,-62.81E-03
+370.40E-03,+213.10E-03,-5.15327E+00,+50.25E-03
+371.40E-03,+233.20E-03,-5.21608E+00,+188.44E-03
+372.40E-03,+201.79E-03,-5.01508E+00,+113.07E-03
+373.40E-03,+233.20E-03,-5.01508E+00,-175.88E-03
+374.40E-03,+219.38E-03,-5.01508E+00,-213.57E-03
+375.40E-03,+234.45E-03,-5.21608E+00,+201.01E-03
+376.40E-03,+238.22E-03,-5.21608E+00,+0.0E+00
+377.40E-03,+224.40E-03,-5.01508E+00,+100.50E-03
+378.40E-03,+233.20E-03,-5.15327E+00,+50.25E-03
+379.40E-03,+233.20E-03,-5.01508E+00,+201.01E-03
+380.40E-03,+229.43E-03,-5.16583E+00,+276.38E-03
+381.40E-03,+213.10E-03,-5.11558E+00,-175.88E-03
+382.40E-03,+219.38E-03,-5.15327E+00,-213.57E-03
+383.40E-03,+233.20E-03,-5.20352E+00,-188.44E-03
+384.40E-03,+218.12E-03,-5.16583E+00,-75.38E-03
+385.40E-03,+213.10E-03,-5.10302E+00,-175.88E-03
+386.40E-03,+241.99E-03,-5.15327E+00,-75.38E-03
+387.40E-03,+213.10E-03,-5.20352E+00,+188.44E-03
+388.40E-03,+229.43E-03,-5.21608E+00,-201.01E-03
+389.40E-03,+223.15E-03,-5.30402E+00,-62.81E-03
+390.40E-03,+233.20E-03,-5.15327E+00,-75.38E-03
+391.40E-03,+215.61E-03,-5.01508E+00,+0.0E+00
+392.40E-03,+213.10E-03,-5.05276E+00,-75.38E-03
+393.40E-03,+244.51E-03,-5.11558E+00,+100.50E-03
+394.40E-03,+233.20E-03,-5.15327E+00,-213.57E-03
+395.40E-03,+233.20E-03,-5.20352E+00,-201.01E-03
+396.40E-03,+233.20E-03,-5.01508E+00,-201.01E-03
+397.40E-03,+224.40E-03,-5.21608E+00,-62.81E-03
+398.40E-03,+213.10E-03,-5.21608E+00,+50.25E-03
+399.40E-03,+233.20E-03,-5.01508E+00,+201.01E-03
+400.40E-03,+229.43E-03,+4.87186E+00,-1.77136E+00
+401.40E-03,+213.10E-03,+4.93467E+00,-263.82E-03
+402.40E-03,+228.17E-03,+4.97236E+00,+766.33E-03
+403.40E-03,+213.10E-03,+4.83417E+00,+2.16080E+00
+404.40E-03,+193.00E-03,+4.83417E+00,+1.72111E+00
+405.40E-03,+191.74E-03,+4.83417E+00,+188.44E-03
+406.40E-03,+193.00E-03,+4.83417E+00,+2.63819E+00
+407.40E-03,+193.00E-03,+4.83417E+00,-2.60050E+00
+408.40E-03,+172.90E-03,+4.83417E+00,+1.54523E+00
+409.40E-03,+172.90E-03,+4.83417E+00,+326.63E-03
+410.40E-03,+172.90E-03,+4.68342E+00,+276.38E-03
+411.40E-03,+152.80E-03,+4.82161E+00,-1.44472E+00
+412.40E-03,+152.80E-03,+4.83417E+00,+1.84673E+00
+413.40E-03,+152.80E-03,+4.83417E+00,+1.79648E+00
+414.40E-03,+152.80E-03,+4.68342E+00,-50.25E-03
+415.40E-03,+152.80E-03,+4.83417E+00,+2.55025E+00
+416.40E-03,+149.03E-03,+4.67085E+00,-150.75E-03
+417.40E-03,+123.90E-03,+4.83417E+00,+376.88E-03
+418.40E-03,+138.98E-03,+4.97236E+00,-540.20E-03
+419.40E-03,+152.80E-03,+4.63317E+00,+1.65829E+00
+420.40E-03,+137.72E-03,+4.83417E+00,+2.50000E+00
+421.40E-03,+142.75E-03,+4.93467E+00,+402.01E-03
+422.40E-03,+159.08E-03,+4.68342E+00,-1.01759E+00
+423.40E-03,+152.80E-03,+4.83417E+00,-1.03015E+00
+424.40E-03,+169.13E-03,+4.83417E+00,+2.19849E+00
+425.40E-03,+193.00E-03,+4.83417E+00,+175.88E-03
+426.40E-03,+193.00E-03,+4.83417E+00,-1.23116E+00
+427.40E-03,+213.10E-03,+4.83417E+00,+3.42965E+00
+428.40E-03,+213.10E-03,+4.83417E+00,+2.04774E+00
+429.40E-03,+233.20E-03,+4.83417E+00,+402.01E-03
+430.40E-03,+245.76E-03,+4.83417E+00,-1.49497E+00
+431.40E-03,+253.30E-03,+4.83417E+00,+841.71E-03
+432.40E-03,+273.40E-03,+4.78392E+00,+2.95226E+00
+433.40E-03,+293.50E-03,+4.83417E+00,+1.36935E+00
+434.40E-03,+307.32E-03,+4.83417E+00,+1.11809E+00
+435.40E-03,+332.44E-03,+4.83417E+00,-2.56281E+00
+436.40E-03,+333.70E-03,+4.83417E+00,+2.52513E+00
+437.40E-03,+333.70E-03,+4.83417E+00,-1.06784E+00
+438.40E-03,+333.70E-03,+4.83417E+00,+50.25E-03
+439.40E-03,+333.70E-03,+4.83417E+00,+3.80653E+00
+440.40E-03,+328.68E-03,+4.83417E+00,+2.19849E+00
+441.40E-03,+313.60E-03,+4.83417E+00,+402.01E-03
+442.40E-03,+313.60E-03,+4.83417E+00,+2.63819E+00
+443.40E-03,+293.50E-03,+4.83417E+00,+3.01508E+00
+444.40E-03,+293.50E-03,+4.67085E+00,-138.19E-03
+445.40E-03,+273.40E-03,+4.92211E+00,-653.27E-03
+446.40E-03,+253.30E-03,+4.83417E+00,+2.28643E+00
+447.40E-03,+214.35E-03,+4.83417E+00,-163.32E-03
+448.40E-03,+189.23E-03,+4.67085E+00,+1.64573E+00
+449.40E-03,+172.90E-03,+4.83417E+00,-829.15E-03
+450.40E-03,+127.67E-03,+4.83417E+00,+1.21859E+00
+451.40E-03,+92.49E-03,+4.63317E+00,+2.68844E+00
+452.40E-03,+48.53E-03,+4.67085E+00,-1.45729E+00
+453.40E-03,+12.09E-03,+4.83417E+00,+376.88E-03
+454.40E-03,-28.11E-03,+4.88442E+00,+1.73367E+00
+455.40E-03,-68.31E-03,+4.83417E+00,+3.83166E+00
+456.40E-03,-128.61E-03,+4.83417E+00,+2.53769E+00
+457.40E-03,-168.81E-03,+4.83417E+00,+439.70E-03
+458.40E-03,-202.73E-03,+4.97236E+00,+351.76E-03
+459.40E-03,-247.96E-03,+4.63317E+00,-125.63E-03
+460.40E-03,-269.31E-03,+4.83417E+00,+1.15578E+00
+461.40E-03,-319.57E-03,+4.92211E+00,+402.01E-03
+462.40E-03,-369.82E-03,+4.83417E+00,+414.57E-03
+463.40E-03,-408.76E-03,+4.83417E+00,+201.01E-03
+464.40E-03,-410.02E-03,+4.98492E+00,-351.76E-03
+465.40E-03,-460.27E-03,+4.93467E+00,-716.08E-03
+466.40E-03,-490.42E-03,+4.83417E+00,+1.59548E+00
+467.40E-03,-510.52E-03,+4.83417E+00,+1.67085E+00
+468.40E-03,-514.29E-03,+4.87186E+00,+376.88E-03
+469.40E-03,-560.77E-03,+4.92211E+00,-62.81E-03
+470.40E-03,-584.64E-03,+4.88442E+00,-1.94724E+00
+471.40E-03,-611.02E-03,+5.02261E+00,+2.70101E+00
+472.40E-03,-614.79E-03,+4.83417E+00,+1.95980E+00
+473.40E-03,-639.92E-03,+5.03518E+00,+2.07286E+00
+474.40E-03,-656.25E-03,+4.88442E+00,+489.95E-03
+475.40E-03,-671.32E-03,+4.83417E+00,-1.63317E+00
+476.40E-03,-691.42E-03,+4.98492E+00,-201.01E-03
+477.40E-03,-691.42E-03,+4.83417E+00,+1.28141E+00
+478.40E-03,-696.45E-03,+4.83417E+00,-1.40704E+00
+479.40E-03,-711.53E-03,+4.83417E+00,+2.61307E+00
+480.40E-03,-742.93E-03,+4.83417E+00,-1.93467E+00
+481.40E-03,-731.63E-03,+4.92211E+00,+288.94E-03
+482.40E-03,-739.16E-03,+4.83417E+00,-540.20E-03
+483.40E-03,-731.63E-03,+5.02261E+00,+3.06533E+00
+484.40E-03,-751.73E-03,+4.98492E+00,-1.40704E+00
+485.40E-03,-751.73E-03,+4.83417E+00,-175.88E-03
+486.40E-03,-756.75E-03,+4.88442E+00,+175.88E-03
+487.40E-03,-750.47E-03,+4.83417E+00,-2.21106E+00
+488.40E-03,-771.83E-03,+4.83417E+00,-841.71E-03
+489.40E-03,-760.52E-03,+4.92211E+00,+829.15E-03
+490.40E-03,-756.75E-03,+4.83417E+00,+213.57E-03
+491.40E-03,-771.83E-03,+4.83417E+00,+590.45E-03
+492.40E-03,-755.49E-03,+4.83417E+00,-1.89698E+00
+493.40E-03,-760.52E-03,+4.83417E+00,+464.82E-03
+494.40E-03,-771.83E-03,+4.83417E+00,-1.34422E+00
+495.40E-03,-751.73E-03,+4.83417E+00,-1.25628E+00
+496.40E-03,-771.83E-03,+4.83417E+00,+1.52010E+00
+497.40E-03,-771.83E-03,+4.83417E+00,+288.94E-03
+498.40E-03,-771.83E-03,+4.83417E+00,+1.49497E+00
+499.40E-03,-771.83E-03,+4.83417E+00,+2.01005E+00
+500.40E-03,-766.80E-03,-5.21608E+00,+75.38E-03
+501.40E-03,-741.68E-03,-5.01508E+00,+100.50E-03
+502.40E-03,-731.63E-03,-5.15327E+00,+50.25E-03
+503.40E-03,-711.53E-03,-5.01508E+00,+175.88E-03
+504.40E-03,-686.40E-03,-5.21608E+00,-37.69E-03
+505.40E-03,-641.17E-03,-5.21608E+00,-87.94E-03
+506.40E-03,-611.02E-03,-5.01508E+00,-213.57E-03
+507.40E-03,-550.72E-03,-5.01508E+00,+201.01E-03
+508.40E-03,-505.49E-03,-5.21608E+00,-37.69E-03
+509.40E-03,-470.32E-03,-5.10302E+00,+12.56E-03
+510.40E-03,-389.92E-03,-5.15327E+00,-75.38E-03
+511.40E-03,-329.62E-03,-5.20352E+00,+0.0E+00
+512.40E-03,-264.29E-03,-5.05276E+00,+276.38E-03
+513.40E-03,-197.71E-03,-5.01508E+00,-87.94E-03
+514.40E-03,-128.61E-03,-5.21608E+00,-75.38E-03
+515.40E-03,-88.41E-03,-5.01508E+00,+201.01E-03
+516.40E-03,-28.11E-03,-5.21608E+00,-37.69E-03
+517.40E-03,+23.40E-03,-5.01508E+00,+100.50E-03
+518.40E-03,+87.47E-03,-5.01508E+00,-138.19E-03
+519.40E-03,+132.70E-03,-5.01508E+00,+188.44E-03
+520.40E-03,+177.92E-03,-5.21608E+00,+113.07E-03
+521.40E-03,+223.15E-03,-5.01508E+00,+100.50E-03
+522.40E-03,+273.40E-03,-5.06533E+00,-75.38E-03
+523.40E-03,+274.66E-03,-5.01508E+00,+201.01E-03
+524.40E-03,+328.68E-03,-5.01508E+00,-37.69E-03
+525.40E-03,+333.70E-03,-5.01508E+00,+12.56E-03
+526.40E-03,+367.62E-03,-5.06533E+00,+0.0E+00
+527.40E-03,+373.90E-03,-5.20352E+00,+201.01E-03
+528.40E-03,+394.00E-03,-5.01508E+00,+113.07E-03
+529.40E-03,+402.80E-03,-5.10302E+00,-87.94E-03
+530.40E-03,+407.82E-03,-5.01508E+00,-138.19E-03
+531.40E-03,+414.10E-03,-5.20352E+00,+0.0E+00
+532.40E-03,+417.87E-03,-5.05276E+00,+75.38E-03
+533.40E-03,+424.15E-03,-5.01508E+00,-87.94E-03
+534.40E-03,+427.92E-03,-5.06533E+00,-12.56E-03
+535.40E-03,+414.10E-03,-5.01508E+00,+201.01E-03
+536.40E-03,+409.08E-03,-5.01508E+00,-150.75E-03
+537.40E-03,+424.15E-03,-5.01508E+00,+37.69E-03
+538.40E-03,+399.03E-03,-5.01508E+00,-138.19E-03
+539.40E-03,+412.85E-03,-5.21608E+00,+188.44E-03
+540.40E-03,+377.67E-03,-5.01508E+00,-37.69E-03
+541.40E-03,+383.95E-03,-5.01508E+00,+100.50E-03
+542.40E-03,+367.62E-03,-5.21608E+00,-75.38E-03
+543.40E-03,+373.90E-03,-5.20352E+00,-364.32E-03
+544.40E-03,+353.80E-03,-5.01508E+00,-37.69E-03
+545.40E-03,+353.80E-03,-5.01508E+00,+100.50E-03
+546.40E-03,+333.70E-03,-5.06533E+00,+50.25E-03
+547.40E-03,+332.44E-03,-5.01508E+00,+201.01E-03
+548.40E-03,+328.68E-03,-5.16583E+00,+113.07E-03
+549.40E-03,+303.55E-03,-5.01508E+00,+0.0E+00
+550.40E-03,+298.53E-03,-5.21608E+00,-75.38E-03
+551.40E-03,+293.50E-03,-5.20352E+00,+201.01E-03
+552.40E-03,+278.42E-03,-5.21608E+00,-37.69E-03
+553.40E-03,+283.45E-03,-5.01508E+00,+100.50E-03
+554.40E-03,+259.58E-03,-5.21608E+00,-276.38E-03
+555.40E-03,+273.40E-03,-5.01508E+00,+188.44E-03
+556.40E-03,+273.40E-03,-5.21608E+00,+113.07E-03
+557.40E-03,+263.35E-03,-5.01508E+00,-62.81E-03
+558.40E-03,+253.30E-03,-5.06533E+00,+50.25E-03
+559.40E-03,+253.30E-03,-5.01508E+00,+12.56E-03
+560.40E-03,+253.30E-03,-5.21608E+00,-75.38E-03
+561.40E-03,+253.30E-03,-5.11558E+00,+100.50E-03
+562.40E-03,+239.48E-03,-5.06533E+00,-150.75E-03
+563.40E-03,+233.20E-03,-5.20352E+00,+0.0E+00
+564.40E-03,+233.20E-03,-5.01508E+00,+75.38E-03
+565.40E-03,+233.20E-03,-5.01508E+00,+100.50E-03
+566.40E-03,+225.66E-03,-5.01508E+00,+113.07E-03
+567.40E-03,+233.20E-03,-5.01508E+00,+201.01E-03
+568.40E-03,+238.22E-03,-5.21608E+00,-37.69E-03
+569.40E-03,+233.20E-03,-5.01508E+00,-175.88E-03
+570.40E-03,+228.17E-03,-5.21608E+00,+50.25E-03
+571.40E-03,+233.20E-03,-5.20352E+00,+201.01E-03
+572.40E-03,+233.20E-03,-5.16583E+00,-238.69E-03
+573.40E-03,+233.20E-03,-5.01508E+00,+12.56E-03
+574.40E-03,+228.17E-03,-5.21608E+00,+50.25E-03
+575.40E-03,+214.35E-03,-5.01508E+00,-188.44E-03
+576.40E-03,+233.20E-03,-5.21608E+00,+75.38E-03
+577.40E-03,+224.40E-03,-5.10302E+00,+37.69E-03
+578.40E-03,+228.17E-03,-5.06533E+00,-213.57E-03
+579.40E-03,+233.20E-03,-5.01508E+00,+201.01E-03
+580.40E-03,+233.20E-03,-5.16583E+00,+113.07E-03
+581.40E-03,+233.20E-03,-5.11558E+00,-175.88E-03
+582.40E-03,+219.38E-03,-5.15327E+00,-213.57E-03
+583.40E-03,+214.35E-03,-5.21608E+00,+0.0E+00
+584.40E-03,+201.79E-03,-5.01508E+00,-37.69E-03
+585.40E-03,+213.10E-03,-5.01508E+00,-62.81E-03
+586.40E-03,+233.20E-03,-5.15327E+00,-213.57E-03
+587.40E-03,+233.20E-03,-5.01508E+00,+0.0E+00
+588.40E-03,+229.43E-03,-5.16583E+00,+113.07E-03
+589.40E-03,+224.40E-03,-5.01508E+00,+100.50E-03
+590.40E-03,+228.17E-03,-5.15327E+00,-75.38E-03
+591.40E-03,+213.10E-03,-5.01508E+00,-175.88E-03
+592.40E-03,+233.20E-03,-5.01508E+00,-75.38E-03
+593.40E-03,+235.71E-03,-5.10302E+00,-62.81E-03
+594.40E-03,+239.48E-03,-5.21608E+00,+0.0E+00
+595.40E-03,+233.20E-03,-5.01508E+00,+0.0E+00
+596.40E-03,+198.02E-03,-5.16583E+00,-37.69E-03
+597.40E-03,+233.20E-03,-5.01508E+00,-87.94E-03
+598.40E-03,+233.20E-03,-5.15327E+00,-12.56E-03
+599.40E-03,+213.10E-03,-5.21608E+00,+376.88E-03
+600.40E-03,+218.12E-03,+4.83417E+00,+1.26884E+00
+601.40E-03,+224.40E-03,+4.83417E+00,+1.43216E+00
+602.40E-03,+213.10E-03,+5.03518E+00,+891.96E-03
+603.40E-03,+213.10E-03,+4.83417E+00,-1.79648E+00
+604.40E-03,+209.33E-03,+4.87186E+00,+1.35678E+00
+605.40E-03,+193.00E-03,+4.83417E+00,+376.88E-03
+606.40E-03,+193.00E-03,+4.83417E+00,-992.46E-03
+607.40E-03,+174.15E-03,+4.83417E+00,-791.46E-03
+608.40E-03,+157.82E-03,+4.98492E+00,+2.77638E+00
+609.40E-03,+162.85E-03,+4.83417E+00,-489.95E-03
+610.40E-03,+159.08E-03,+4.83417E+00,+766.33E-03
+611.40E-03,+172.90E-03,+5.02261E+00,+2.68844E+00
+612.40E-03,+152.80E-03,+4.83417E+00,+778.89E-03
+613.40E-03,+132.70E-03,+4.83417E+00,+1.36935E+00
+614.40E-03,+152.80E-03,+4.83417E+00,-62.81E-03
+615.40E-03,+132.70E-03,+4.82161E+00,-2.60050E+00
+616.40E-03,+149.03E-03,+4.87186E+00,+2.43719E+00
+617.40E-03,+132.70E-03,+4.83417E+00,+1.10553E+00
+618.40E-03,+147.77E-03,+4.97236E+00,-1.38191E+00
+619.40E-03,+133.95E-03,+4.83417E+00,-238.69E-03
+620.40E-03,+137.72E-03,+4.83417E+00,-1.38191E+00
+621.40E-03,+152.80E-03,+4.92211E+00,+402.01E-03
+622.40E-03,+138.98E-03,+4.83417E+00,+1.18090E+00
+623.40E-03,+154.05E-03,+4.82161E+00,-2.93970E+00
+624.40E-03,+172.90E-03,+4.83417E+00,+2.28643E+00
+625.40E-03,+172.90E-03,+4.92211E+00,+1.80905E+00
+626.40E-03,+193.00E-03,+4.83417E+00,-1.52010E+00
+627.40E-03,+213.10E-03,+4.83417E+00,+2.48744E+00
+628.40E-03,+201.79E-03,+4.83417E+00,+150.75E-03
+629.40E-03,+233.20E-03,+4.92211E+00,+665.83E-03
+630.40E-03,+268.37E-03,+4.97236E+00,-1.15578E+00
+631.40E-03,+273.40E-03,+4.83417E+00,-1.46985E+00
+632.40E-03,+293.50E-03,+4.98492E+00,+1.23116E+00
+633.40E-03,+294.76E-03,+4.72111E+00,+326.63E-03
+634.40E-03,+298.53E-03,+4.77136E+00,+0.0E+00
+635.40E-03,+313.60E-03,+4.83417E+00,+1.64573E+00
+636.40E-03,+333.70E-03,+4.83417E+00,-263.82E-03
+637.40E-03,+322.39E-03,+4.83417E+00,+62.81E-03
+638.40E-03,+333.70E-03,+4.88442E+00,-1.09296E+00
+639.40E-03,+333.70E-03,+4.83417E+00,-2.58794E+00
+640.40E-03,+333.70E-03,+4.83417E+00,+778.89E-03
+641.40E-03,+313.60E-03,+4.83417E+00,-1.64573E+00
+642.40E-03,+333.70E-03,+4.97236E+00,-515.08E-03
+643.40E-03,+313.60E-03,+4.83417E+00,+427.14E-03
+644.40E-03,+293.50E-03,+4.83417E+00,+1.45729E+00
+645.40E-03,+273.40E-03,+4.83417E+00,+577.89E-03
+646.40E-03,+253.30E-03,+4.83417E+00,+1.58291E+00
+647.40E-03,+233.20E-03,+4.83417E+00,+2.28643E+00
+648.40E-03,+193.00E-03,+4.83417E+00,+1.38191E+00
+649.40E-03,+152.80E-03,+4.92211E+00,+464.82E-03
+650.40E-03,+118.88E-03,+4.83417E+00,+1.52010E+00
+651.40E-03,+92.49E-03,+4.83417E+00,-1.16834E+00
+652.40E-03,+52.29E-03,+5.03518E+00,+2.60050E+00
+653.40E-03,+3.30E-03,+4.83417E+00,+175.88E-03
+654.40E-03,-33.13E-03,+5.03518E+00,+1.24372E+00
+655.40E-03,-68.31E-03,+5.02261E+00,+2.44975E+00
+656.40E-03,-108.51E-03,+4.83417E+00,+2.12312E+00
+657.40E-03,-168.81E-03,+4.83417E+00,+904.52E-03
+658.40E-03,-209.01E-03,+4.83417E+00,+201.01E-03
+659.40E-03,-249.21E-03,+4.83417E+00,-1.83417E+00
+660.40E-03,-289.41E-03,+4.83417E+00,+2.60050E+00
+661.40E-03,-309.52E-03,+4.92211E+00,-427.14E-03
+662.40E-03,-363.54E-03,+4.83417E+00,+2.28643E+00
+663.40E-03,-389.92E-03,+4.83417E+00,-2.03518E+00
+664.40E-03,-425.09E-03,+4.83417E+00,+741.21E-03
+665.40E-03,-459.01E-03,+4.83417E+00,-62.81E-03
+666.40E-03,-484.14E-03,+4.83417E+00,-1.36935E+00
+667.40E-03,-509.26E-03,+4.83417E+00,+778.89E-03
+668.40E-03,-530.62E-03,+4.67085E+00,-2.27387E+00
+669.40E-03,-560.77E-03,+4.83417E+00,-628.14E-03
+670.40E-03,-575.85E-03,+4.83417E+00,-1.88442E+00
+671.40E-03,-611.02E-03,+4.83417E+00,+1.95980E+00
+672.40E-03,-631.12E-03,+4.94724E+00,+339.20E-03
+673.40E-03,-631.12E-03,+4.83417E+00,+540.20E-03
+674.40E-03,-644.94E-03,+4.90955E+00,-1.94724E+00
+675.40E-03,-671.32E-03,+4.83417E+00,-1.68342E+00
+676.40E-03,-678.86E-03,+4.83417E+00,+2.85176E+00
+677.40E-03,-701.47E-03,+4.83417E+00,-791.46E-03
+678.40E-03,-711.53E-03,+4.83417E+00,-1.87186E+00
+679.40E-03,-711.53E-03,+4.83417E+00,-2.19849E+00
+680.40E-03,-711.53E-03,+4.83417E+00,+2.03518E+00
+681.40E-03,-731.63E-03,+4.93467E+00,+288.94E-03
+682.40E-03,-745.44E-03,+4.83417E+00,-1.23116E+00
+683.40E-03,-751.73E-03,+4.83417E+00,+2.11055E+00
+684.40E-03,-751.73E-03,+4.83417E+00,-1.40704E+00
+685.40E-03,-761.78E-03,+4.83417E+00,+138.19E-03
+686.40E-03,-751.73E-03,+4.97236E+00,-728.64E-03
+687.40E-03,-751.73E-03,+4.63317E+00,+213.57E-03
+688.40E-03,-755.49E-03,+4.83417E+00,-2.42462E+00
+689.40E-03,-771.83E-03,+4.92211E+00,+351.76E-03
+690.40E-03,-756.75E-03,+4.83417E+00,+2.48744E+00
+691.40E-03,-771.83E-03,+4.83417E+00,-2.95226E+00
+692.40E-03,-771.83E-03,+4.87186E+00,-640.70E-03
+693.40E-03,-771.83E-03,+4.92211E+00,+766.33E-03
+694.40E-03,-765.55E-03,+4.97236E+00,+2.01005E+00
+695.40E-03,-771.83E-03,+4.83417E+00,-2.02261E+00
+696.40E-03,-766.80E-03,+4.98492E+00,-25.13E-03
+697.40E-03,-761.78E-03,+4.83417E+00,-1.75879E+00
+698.40E-03,-785.65E-03,+4.83417E+00,-1.63317E+00
+699.40E-03,-770.57E-03,+4.83417E+00,+1.18090E+00
+700.40E-03,-751.73E-03,-5.21608E+00,-238.69E-03
+701.40E-03,-761.78E-03,-5.11558E+00,-87.94E-03
+702.40E-03,-745.44E-03,-5.15327E+00,+50.25E-03
+703.40E-03,-730.37E-03,-5.20352E+00,-163.32E-03
+704.40E-03,-691.42E-03,-5.16583E+00,-238.69E-03
+705.40E-03,-651.22E-03,-5.11558E+00,+12.56E-03
+706.40E-03,-616.05E-03,-5.06533E+00,+113.07E-03
+707.40E-03,-550.72E-03,-5.20352E+00,-175.88E-03
+708.40E-03,-525.60E-03,-5.01508E+00,+75.38E-03
+709.40E-03,-450.22E-03,-5.11558E+00,+0.0E+00
+710.40E-03,-381.12E-03,-5.01508E+00,-75.38E-03
+711.40E-03,-329.62E-03,-5.21608E+00,-163.32E-03
+712.40E-03,-264.29E-03,-5.16583E+00,-238.69E-03
+713.40E-03,-197.71E-03,-5.11558E+00,+12.56E-03
+714.40E-03,-128.61E-03,-5.01508E+00,-75.38E-03
+715.40E-03,-87.15E-03,-5.01508E+00,-364.32E-03
+716.40E-03,-28.11E-03,-5.01508E+00,+113.07E-03
+717.40E-03,+32.19E-03,-5.01508E+00,-87.94E-03
+718.40E-03,+72.39E-03,-5.01508E+00,-276.38E-03
+719.40E-03,+132.70E-03,-5.20352E+00,+201.01E-03
+720.40E-03,+177.92E-03,-5.01508E+00,+75.38E-03
+721.40E-03,+224.40E-03,-5.01508E+00,-87.94E-03
+722.40E-03,+268.37E-03,-5.15327E+00,-213.57E-03
+723.40E-03,+293.50E-03,-5.01508E+00,-175.88E-03
+724.40E-03,+313.60E-03,-5.01508E+00,+113.07E-03
+725.40E-03,+342.49E-03,-5.21608E+00,+12.56E-03
+726.40E-03,+358.83E-03,-5.01508E+00,-75.38E-03
+727.40E-03,+373.90E-03,-5.01508E+00,+0.0E+00
+728.40E-03,+381.44E-03,-5.21608E+00,+75.38E-03
+729.40E-03,+414.10E-03,-5.01508E+00,-175.88E-03
+730.40E-03,+427.92E-03,-5.01508E+00,-75.38E-03
+731.40E-03,+414.10E-03,-5.01508E+00,-175.88E-03
+732.40E-03,+429.18E-03,-5.09045E+00,-75.38E-03
+733.40E-03,+422.90E-03,-5.01508E+00,-87.94E-03
+734.40E-03,+419.13E-03,-5.15327E+00,-75.38E-03
+735.40E-03,+434.20E-03,-5.01508E+00,-175.88E-03
+736.40E-03,+429.18E-03,-5.21608E+00,-37.69E-03
+737.40E-03,+404.05E-03,-5.10302E+00,-62.81E-03
+738.40E-03,+407.82E-03,-5.06533E+00,-213.57E-03
+739.40E-03,+394.00E-03,-5.21608E+00,-188.44E-03
+740.40E-03,+377.67E-03,-5.21608E+00,+75.38E-03
+741.40E-03,+382.70E-03,-5.11558E+00,-62.81E-03
+742.40E-03,+378.93E-03,-5.01508E+00,-213.57E-03
+743.40E-03,+353.80E-03,-5.01508E+00,-175.88E-03
+744.40E-03,+357.57E-03,-5.16583E+00,+75.38E-03
+745.40E-03,+353.80E-03,-5.01508E+00,-62.81E-03
+746.40E-03,+333.70E-03,-5.01508E+00,-75.38E-03
+747.40E-03,+333.70E-03,-5.01508E+00,+0.0E+00
+748.40E-03,+328.68E-03,-5.16583E+00,+113.07E-03
+749.40E-03,+302.29E-03,-5.11558E+00,+12.56E-03
+750.40E-03,+298.53E-03,-5.01508E+00,-75.38E-03
+751.40E-03,+313.60E-03,-5.20352E+00,-175.88E-03
+752.40E-03,+293.50E-03,-5.21608E+00,-201.01E-03
+753.40E-03,+284.71E-03,-5.11558E+00,-62.81E-03
+754.40E-03,+288.47E-03,-5.06533E+00,-75.38E-03
+755.40E-03,+273.40E-03,-5.20352E+00,+188.44E-03
+756.40E-03,+253.30E-03,-5.16583E+00,-37.69E-03
+757.40E-03,+264.61E-03,-5.22864E+00,-175.88E-03
+758.40E-03,+253.30E-03,-5.06533E+00,+50.25E-03
+759.40E-03,+253.30E-03,-5.01508E+00,-175.88E-03
+760.40E-03,+253.30E-03,-5.01508E+00,-37.69E-03
+761.40E-03,+253.30E-03,-5.21608E+00,+100.50E-03
+762.40E-03,+248.27E-03,-5.01508E+00,-213.57E-03
+763.40E-03,+234.45E-03,-5.01508E+00,-163.32E-03
+764.40E-03,+249.53E-03,-5.01508E+00,-37.69E-03
+765.40E-03,+233.20E-03,-4.90201E+00,+12.56E-03
+766.40E-03,+219.38E-03,-5.21608E+00,-276.38E-03
+767.40E-03,+233.20E-03,-5.01508E+00,-188.44E-03
+768.40E-03,+229.43E-03,-5.01508E+00,-238.69E-03
+769.40E-03,+224.40E-03,-5.21608E+00,+12.56E-03
+770.40E-03,+228.17E-03,-5.06533E+00,-213.57E-03
+771.40E-03,+233.20E-03,-5.01508E+00,+0.0E+00
+772.40E-03,+218.12E-03,-5.16583E+00,-75.38E-03
+773.40E-03,+213.10E-03,-5.10302E+00,-87.94E-03
+774.40E-03,+233.20E-03,-5.06533E+00,+50.25E-03
+775.40E-03,+233.20E-03,-5.21608E+00,+201.01E-03
+776.40E-03,+229.43E-03,-5.21608E+00,+113.07E-03
+777.40E-03,+224.40E-03,-5.01508E+00,+12.56E-03
+778.40E-03,+228.17E-03,-5.01508E+00,-75.38E-03
+779.40E-03,+213.10E-03,-5.01508E+00,+0.0E+00
+780.40E-03,+229.43E-03,-5.05276E+00,+113.07E-03
+781.40E-03,+213.10E-03,-5.21608E+00,+12.56E-03
+782.40E-03,+239.48E-03,-5.15327E+00,+0.0E+00
+783.40E-03,+233.20E-03,-5.01508E+00,-175.88E-03
+784.40E-03,+229.43E-03,-5.16583E+00,-37.69E-03
+785.40E-03,+213.10E-03,-5.11558E+00,-62.81E-03
+786.40E-03,+228.17E-03,-5.01508E+00,-150.75E-03
+787.40E-03,+233.20E-03,-5.20352E+00,-364.32E-03
+788.40E-03,+213.10E-03,-5.21608E+00,-75.38E-03
+789.40E-03,+213.10E-03,-5.11558E+00,+12.56E-03
+790.40E-03,+233.20E-03,-5.15327E+00,-213.57E-03
+791.40E-03,+214.35E-03,-5.01508E+00,-364.32E-03
+792.40E-03,+233.20E-03,-5.16583E+00,-75.38E-03
+793.40E-03,+213.10E-03,-5.10302E+00,+12.56E-03
+794.40E-03,+219.38E-03,-5.01508E+00,-213.57E-03
+795.40E-03,+233.20E-03,-5.01508E+00,+201.01E-03
+796.40E-03,+229.43E-03,-5.21608E+00,+75.38E-03
+797.40E-03,+213.10E-03,-5.11558E+00,+125.63E-03
+798.40E-03,+228.17E-03,-5.06533E+00,-75.38E-03
+799.40E-03,+214.35E-03,-5.20352E+00,-376.88E-03
+800.40E-03,+233.20E-03,+4.83417E+00,+1.15578E+00
+801.40E-03,+233.20E-03,+4.93467E+00,+577.89E-03
+802.40E-03,+208.07E-03,+4.97236E+00,-1.09296E+00
+803.40E-03,+193.00E-03,+4.83417E+00,+992.46E-03
+804.40E-03,+193.00E-03,+4.98492E+00,-2.03518E+00
+805.40E-03,+193.00E-03,+4.83417E+00,+1.52010E+00
+806.40E-03,+179.18E-03,+4.83417E+00,+1.80905E+00
+807.40E-03,+172.90E-03,+4.83417E+00,+188.44E-03
+808.40E-03,+172.90E-03,+4.98492E+00,-1.13065E+00
+809.40E-03,+162.85E-03,+4.84673E+00,-1.01759E+00
+810.40E-03,+172.90E-03,+4.83417E+00,-188.44E-03
+811.40E-03,+152.80E-03,+4.83417E+00,-226.13E-03
+812.40E-03,+157.82E-03,+4.83417E+00,+577.89E-03
+813.40E-03,+144.00E-03,+4.83417E+00,+665.83E-03
+814.40E-03,+138.98E-03,+4.68342E+00,-1.89698E+00
+815.40E-03,+152.80E-03,+4.83417E+00,+3.06533E+00
+816.40E-03,+137.72E-03,+4.98492E+00,-1.09296E+00
+817.40E-03,+131.44E-03,+4.92211E+00,-1.46985E+00
+818.40E-03,+138.98E-03,+4.83417E+00,+1.95980E+00
+819.40E-03,+152.80E-03,+4.83417E+00,-175.88E-03
+820.40E-03,+149.03E-03,+4.98492E+00,-1.82161E+00
+821.40E-03,+144.00E-03,+4.93467E+00,-489.95E-03
+822.40E-03,+138.98E-03,+4.83417E+00,-866.83E-03
+823.40E-03,+135.21E-03,+4.83417E+00,+942.21E-03
+824.40E-03,+152.80E-03,+4.87186E+00,+1.19347E+00
+825.40E-03,+182.95E-03,+4.83417E+00,+489.95E-03
+826.40E-03,+208.07E-03,+4.83417E+00,-1.64573E+00
+827.40E-03,+213.10E-03,+4.83417E+00,+2.87688E+00
+828.40E-03,+218.12E-03,+4.83417E+00,-1.53266E+00
+829.40E-03,+233.20E-03,+4.92211E+00,+1.08040E+00
+830.40E-03,+233.20E-03,+5.03518E+00,-1.69598E+00
+831.40E-03,+254.56E-03,+4.83417E+00,-1.54523E+00
+832.40E-03,+293.50E-03,+4.63317E+00,-1.11809E+00
+833.40E-03,+293.50E-03,+4.93467E+00,-1.64573E+00
+834.40E-03,+307.32E-03,+5.03518E+00,+1.95980E+00
+835.40E-03,+313.60E-03,+4.83417E+00,-2.95226E+00
+836.40E-03,+313.60E-03,+4.83417E+00,+1.92211E+00
+837.40E-03,+333.70E-03,+4.83417E+00,-477.39E-03
+838.40E-03,+333.70E-03,+4.83417E+00,-1.70854E+00
+839.40E-03,+333.70E-03,+4.83417E+00,+1.04271E+00
+840.40E-03,+333.70E-03,+4.83417E+00,-2.14824E+00
+841.40E-03,+342.49E-03,+4.83417E+00,+489.95E-03
+842.40E-03,+318.63E-03,+4.83417E+00,+1.93467E+00
+843.40E-03,+293.50E-03,+4.83417E+00,+816.58E-03
+844.40E-03,+293.50E-03,+4.67085E+00,+2.02261E+00
+845.40E-03,+273.40E-03,+4.72111E+00,+753.77E-03
+846.40E-03,+239.48E-03,+4.83417E+00,+2.21106E+00
+847.40E-03,+233.20E-03,+4.83417E+00,-2.19849E+00
+848.40E-03,+209.33E-03,+4.83417E+00,+979.90E-03
+849.40E-03,+152.80E-03,+4.92211E+00,-62.81E-03
+850.40E-03,+112.60E-03,+4.83417E+00,-188.44E-03
+851.40E-03,+92.49E-03,+4.83417E+00,+138.19E-03
+852.40E-03,+64.86E-03,+4.83417E+00,+778.89E-03
+853.40E-03,+12.09E-03,+4.83417E+00,+703.52E-03
+854.40E-03,-41.93E-03,+4.83417E+00,+351.76E-03
+855.40E-03,-68.31E-03,+4.82161E+00,-515.08E-03
+856.40E-03,-112.28E-03,+4.83417E+00,+2.76382E+00
+857.40E-03,-157.51E-03,+4.92211E+00,+376.88E-03
+858.40E-03,-209.01E-03,+4.83417E+00,+1.24372E+00
+859.40E-03,-249.21E-03,+4.83417E+00,+2.68844E+00
+860.40E-03,-273.08E-03,+4.83417E+00,-929.65E-03
+861.40E-03,-318.31E-03,+4.83417E+00,-1.23116E+00
+862.40E-03,-363.54E-03,+4.83417E+00,-1.89698E+00
+863.40E-03,-389.92E-03,+4.83417E+00,+150.75E-03
+864.40E-03,-430.12E-03,+4.83417E+00,+1.45729E+00
+865.40E-03,-450.22E-03,+4.92211E+00,-540.20E-03
+866.40E-03,-490.42E-03,+4.83417E+00,+1.01759E+00
+867.40E-03,-510.52E-03,+4.83417E+00,-2.57538E+00
+868.40E-03,-534.39E-03,+4.83417E+00,+2.04774E+00
+869.40E-03,-550.72E-03,+4.73367E+00,+879.40E-03
+870.40E-03,-590.92E-03,+5.03518E+00,+276.38E-03
+871.40E-03,-611.02E-03,+4.83417E+00,-1.80905E+00
+872.40E-03,-614.79E-03,+4.98492E+00,-1.30653E+00
+873.40E-03,-641.17E-03,+4.83417E+00,+138.19E-03
+874.40E-03,-651.22E-03,+4.97236E+00,-1.01759E+00
+875.40E-03,-671.32E-03,+4.83417E+00,+2.80151E+00
+876.40E-03,-691.42E-03,+4.87186E+00,-841.71E-03
+877.40E-03,-711.53E-03,+4.92211E+00,-879.40E-03
+878.40E-03,-705.24E-03,+4.97236E+00,-1.09296E+00
+879.40E-03,-711.53E-03,+4.83417E+00,-339.20E-03
+880.40E-03,-731.63E-03,+4.83417E+00,-12.56E-03
+881.40E-03,-731.63E-03,+4.83417E+00,+603.02E-03
+882.40E-03,-731.63E-03,+4.83417E+00,+1.16834E+00
+883.40E-03,-751.73E-03,+4.83417E+00,+615.58E-03
+884.40E-03,-755.49E-03,+4.83417E+00,-1.77136E+00
+885.40E-03,-740.42E-03,+4.83417E+00,+866.83E-03
+886.40E-03,-765.55E-03,+4.97236E+00,-1.08040E+00
+887.40E-03,-751.73E-03,+4.83417E+00,+2.29899E+00
+888.40E-03,-771.83E-03,+4.83417E+00,+741.21E-03
+889.40E-03,-780.62E-03,+4.83417E+00,-992.46E-03
+890.40E-03,-771.83E-03,+4.97236E+00,-1.09296E+00
+891.40E-03,-771.83E-03,+4.83417E+00,+2.19849E+00
+892.40E-03,-771.83E-03,+4.87186E+00,+1.84673E+00
+893.40E-03,-781.88E-03,+4.93467E+00,-515.08E-03
+894.40E-03,-771.83E-03,+4.88442E+00,-1.46985E+00
+895.40E-03,-771.83E-03,+4.83417E+00,+854.27E-03
+896.40E-03,-751.73E-03,+4.83417E+00,-452.26E-03
+897.40E-03,-761.78E-03,+4.72111E+00,+464.82E-03
+898.40E-03,-771.83E-03,+4.88442E+00,+1.59548E+00
+899.40E-03,-751.73E-03,+4.82161E+00,-2.47487E+00
+900.40E-03,-771.83E-03,-5.16583E+00,+75.38E-03
+901.40E-03,-751.73E-03,-5.21608E+00,+100.50E-03
+902.40E-03,-731.63E-03,-5.21608E+00,+0.0E+00
+903.40E-03,-711.53E-03,-5.01508E+00,+12.56E-03
+904.40E-03,-702.73E-03,-5.21608E+00,+75.38E-03
+905.40E-03,-660.02E-03,-5.01508E+00,-62.81E-03
+906.40E-03,-611.02E-03,-5.15327E+00,-138.19E-03
+907.40E-03,-550.72E-03,-5.20352E+00,+0.0E+00
+908.40E-03,-510.52E-03,-5.16583E+00,-201.01E-03
+909.40E-03,-459.01E-03,-5.10302E+00,+125.63E-03
+910.40E-03,-389.92E-03,-4.95226E+00,-75.38E-03
+911.40E-03,-327.10E-03,-5.20352E+00,+0.0E+00
+912.40E-03,-249.21E-03,-5.16583E+00,-201.01E-03
+913.40E-03,-209.01E-03,-5.21608E+00,-87.94E-03
+914.40E-03,-133.64E-03,-5.15327E+00,-213.57E-03
+915.40E-03,-68.31E-03,-5.01508E+00,-175.88E-03
+916.40E-03,-28.11E-03,-5.36683E+00,+75.38E-03
+917.40E-03,+32.19E-03,-5.21608E+00,-87.94E-03
+918.40E-03,+87.47E-03,-5.01508E+00,-276.38E-03
+919.40E-03,+132.70E-03,-5.01508E+00,+201.01E-03
+920.40E-03,+177.92E-03,-5.01508E+00,-238.69E-03
+921.40E-03,+213.10E-03,-5.10302E+00,+12.56E-03
+922.40E-03,+268.37E-03,-5.21608E+00,-75.38E-03
+923.40E-03,+293.50E-03,-5.01508E+00,-175.88E-03
+924.40E-03,+328.68E-03,-5.21608E+00,+113.07E-03
+925.40E-03,+343.75E-03,-5.11558E+00,-62.81E-03
+926.40E-03,+373.90E-03,-5.01508E+00,-75.38E-03
+927.40E-03,+373.90E-03,-5.01508E+00,-188.44E-03
+928.40E-03,+394.00E-03,-5.21608E+00,-238.69E-03
+929.40E-03,+404.05E-03,-5.21608E+00,+12.56E-03
+930.40E-03,+407.82E-03,-5.06533E+00,-75.38E-03
+931.40E-03,+432.95E-03,-5.01508E+00,+0.0E+00
+932.40E-03,+414.10E-03,-5.01508E+00,-37.69E-03
+933.40E-03,+434.20E-03,-5.21608E+00,+12.56E-03
+934.40E-03,+414.10E-03,-5.01508E+00,+50.25E-03
+935.40E-03,+414.10E-03,-5.01508E+00,+201.01E-03
+936.40E-03,+414.10E-03,-5.21608E+00,-238.69E-03
+937.40E-03,+404.05E-03,-5.11558E+00,-87.94E-03
+938.40E-03,+414.10E-03,-5.01508E+00,-213.57E-03
+939.40E-03,+394.00E-03,-5.21608E+00,-175.88E-03
+940.40E-03,+373.90E-03,-5.05276E+00,-75.38E-03
+941.40E-03,+382.70E-03,-5.01508E+00,+12.56E-03
+942.40E-03,+373.90E-03,-5.01508E+00,-213.57E-03
+943.40E-03,+353.80E-03,-5.01508E+00,-175.88E-03
+944.40E-03,+348.78E-03,-5.01508E+00,-75.38E-03
+945.40E-03,+343.75E-03,-5.21608E+00,-87.94E-03
+946.40E-03,+347.52E-03,-5.06533E+00,+50.25E-03
+947.40E-03,+333.70E-03,-5.01508E+00,-175.88E-03
+948.40E-03,+313.60E-03,-5.05276E+00,-37.69E-03
+949.40E-03,+313.60E-03,-5.11558E+00,+125.63E-03
+950.40E-03,+293.50E-03,-5.21608E+00,-213.57E-03
+951.40E-03,+293.50E-03,-5.01508E+00,-175.88E-03
+952.40E-03,+293.50E-03,-5.16583E+00,-201.01E-03
+953.40E-03,+273.40E-03,-5.11558E+00,+12.56E-03
+954.40E-03,+279.68E-03,-5.01508E+00,+201.01E-03
+955.40E-03,+254.56E-03,-5.21608E+00,-175.88E-03
+956.40E-03,+273.40E-03,-5.05276E+00,-201.01E-03
+957.40E-03,+253.30E-03,-5.01508E+00,+12.56E-03
+958.40E-03,+268.37E-03,-5.15327E+00,-12.56E-03
+959.40E-03,+253.30E-03,-5.01508E+00,+0.0E+00
+960.40E-03,+253.30E-03,-5.01508E+00,+113.07E-03
+961.40E-03,+252.04E-03,-5.10302E+00,+100.50E-03
+962.40E-03,+239.48E-03,-5.15327E+00,-75.38E-03
+963.40E-03,+253.30E-03,-5.01508E+00,-175.88E-03
+964.40E-03,+249.53E-03,-5.01508E+00,-75.38E-03
+965.40E-03,+233.20E-03,-5.01508E+00,-288.94E-03
+966.40E-03,+233.20E-03,-5.01508E+00,-12.56E-03
+967.40E-03,+233.20E-03,-5.20352E+00,-175.88E-03
+968.40E-03,+229.43E-03,-5.01508E+00,-201.01E-03
+969.40E-03,+233.20E-03,-5.01508E+00,-37.69E-03
+970.40E-03,+228.17E-03,-5.01508E+00,+113.07E-03
+971.40E-03,+214.35E-03,-5.01508E+00,-175.88E-03
+972.40E-03,+213.10E-03,-5.05276E+00,-75.38E-03
+973.40E-03,+233.20E-03,-5.01508E+00,-175.88E-03
+974.40E-03,+213.10E-03,-4.86432E+00,+0.0E+00
+975.40E-03,+233.20E-03,-5.21608E+00,-175.88E-03
+976.40E-03,+229.43E-03,-5.16583E+00,-37.69E-03
+977.40E-03,+223.15E-03,-5.22864E+00,-87.94E-03
+978.40E-03,+213.10E-03,-5.06533E+00,+50.25E-03
+979.40E-03,+213.10E-03,-5.21608E+00,-175.88E-03
+980.40E-03,+213.10E-03,-5.16583E+00,-238.69E-03
+981.40E-03,+233.20E-03,-5.01508E+00,+37.69E-03
+982.40E-03,+233.20E-03,-5.06533E+00,-12.56E-03
+983.40E-03,+213.10E-03,-5.21608E+00,+0.0E+00
+984.40E-03,+218.12E-03,-5.16583E+00,+113.07E-03
+985.40E-03,+203.05E-03,-5.11558E+00,-62.81E-03
+986.40E-03,+213.10E-03,-5.01508E+00,-12.56E-03
+987.40E-03,+214.35E-03,-5.01508E+00,+0.0E+00
+988.40E-03,+229.43E-03,-5.01508E+00,-75.38E-03
+989.40E-03,+223.15E-03,-5.10302E+00,-62.81E-03
+990.40E-03,+233.20E-03,-5.01508E+00,+50.25E-03
+991.40E-03,+214.35E-03,-5.01508E+00,-364.32E-03
+992.40E-03,+218.12E-03,-5.01508E+00,-238.69E-03
+993.40E-03,+244.51E-03,-5.10302E+00,+12.56E-03
+994.40E-03,+213.10E-03,-5.35427E+00,-213.57E-03
+995.40E-03,+233.20E-03,-5.21608E+00,+0.0E+00
+996.40E-03,+213.10E-03,-5.05276E+00,-75.38E-03
+997.40E-03,+223.15E-03,-5.11558E+00,-175.88E-03
+998.40E-03,+213.10E-03,-5.21608E+00,-276.38E-03
+999.40E-03,+213.10E-03,-5.20352E+00,+0.0E+00
+1.00040E+00,+229.43E-03,+4.83417E+00,+2.29899E+00
+1.00140E+00,+204.30E-03,+4.83417E+00,-351.76E-03
+1.00240E+00,+213.10E-03,+4.83417E+00,-1.95980E+00
+1.00340E+00,+194.25E-03,+4.83417E+00,-1.00503E+00
+1.00440E+00,+209.33E-03,+4.83417E+00,-1.11809E+00
+1.00540E+00,+193.00E-03,+4.93467E+00,-992.46E-03
